,Unnamed: 0,Hora,estacion,produccion_media_kWh,produccion_ajustada
0,0,0,0,0.0,0.0
1,1,0,1,0.0,0.0
2,2,0,2,0.0,0.0
3,3,0,3,0.0,0.0
4,4,0,4,0.0,0.0
5,5,0,5,0.0,0.0
6,6,0,6,0.0,0.0
7,7,0,7,0.0,0.0
8,8,0,8,0.0,0.0
9,9,0,9,0.0,0.0
10,10,0,10,0.0,0.0
11,11,0,11,0.0,0.0
12,12,0,12,0.0,0.0
13,13,0,13,0.0,0.0
14,14,0,14,0.0,0.0
15,15,0,15,0.0,0.0
16,16,0,16,0.0,0.0
17,17,0,17,0.0,0.0
18,18,0,18,0.0,0.0
19,19,0,19,0.0,0.0
20,20,0,20,0.0,0.0
21,21,0,21,0.0,0.0
22,22,0,22,0.0,0.0
23,23,0,23,0.0,0.0
24,24,0,24,0.0,0.0
25,25,0,25,0.0,0.0
26,26,0,26,0.0,0.0
27,27,0,27,0.0,0.0
28,28,0,28,0.0,0.0
29,29,0,29,0.0,0.0
30,30,0,30,0.0,0.0
31,31,0,31,0.0,0.0
32,32,0,32,0.0,0.0
33,33,0,33,0.0,0.0
34,34,0,34,0.0,0.0
35,35,0,35,0.0,0.0
36,36,0,36,0.0,0.0
37,37,0,37,0.0,0.0
38,38,0,38,0.0,0.0
39,39,0,39,0.0,0.0
40,40,1,0,0.0,0.0
41,41,1,1,0.0,0.0
42,42,1,2,0.0,0.0
43,43,1,3,0.0,0.0
44,44,1,4,0.0,0.0
45,45,1,5,0.0,0.0
46,46,1,6,0.0,0.0
47,47,1,7,0.0,0.0
48,48,1,8,0.0,0.0
49,49,1,9,0.0,0.0
50,50,1,10,0.0,0.0
51,51,1,11,0.0,0.0
52,52,1,12,0.0,0.0
53,53,1,13,0.0,0.0
54,54,1,14,0.0,0.0
55,55,1,15,0.0,0.0
56,56,1,16,0.0,0.0
57,57,1,17,0.0,0.0
58,58,1,18,0.0,0.0
59,59,1,19,0.0,0.0
60,60,1,20,0.0,0.0
61,61,1,21,0.0,0.0
62,62,1,22,0.0,0.0
63,63,1,23,0.0,0.0
64,64,1,24,0.0,0.0
65,65,1,25,0.0,0.0
66,66,1,26,0.0,0.0
67,67,1,27,0.0,0.0
68,68,1,28,0.0,0.0
69,69,1,29,0.0,0.0
70,70,1,30,0.0,0.0
71,71,1,31,0.0,0.0
72,72,1,32,0.0,0.0
73,73,1,33,0.0,0.0
74,74,1,34,0.0,0.0
75,75,1,35,0.0,0.0
76,76,1,36,0.0,0.0
77,77,1,37,0.0,0.0
78,78,1,38,0.0,0.0
79,79,1,39,0.0,0.0
80,80,2,0,0.0,0.0
81,81,2,1,0.0,0.0
82,82,2,2,0.0,0.0
83,83,2,3,0.0,0.0
84,84,2,4,0.0,0.0
85,85,2,5,0.0,0.0
86,86,2,6,0.0,0.0
87,87,2,7,0.0,0.0
88,88,2,8,0.0,0.0
89,89,2,9,0.0,0.0
90,90,2,10,0.0,0.0
91,91,2,11,0.0,0.0
92,92,2,12,0.0,0.0
93,93,2,13,0.0,0.0
94,94,2,14,0.0,0.0
95,95,2,15,0.0,0.0
96,96,2,16,0.0,0.0
97,97,2,17,0.0,0.0
98,98,2,18,0.0,0.0
99,99,2,19,0.0,0.0
100,100,2,20,0.0,0.0
101,101,2,21,0.0,0.0
102,102,2,22,0.0,0.0
103,103,2,23,0.0,0.0
104,104,2,24,0.0,0.0
105,105,2,25,0.0,0.0
106,106,2,26,0.0,0.0
107,107,2,27,0.0,0.0
108,108,2,28,0.0,0.0
109,109,2,29,0.0,0.0
110,110,2,30,0.0,0.0
111,111,2,31,0.0,0.0
112,112,2,32,0.0,0.0
113,113,2,33,0.0,0.0
114,114,2,34,0.0,0.0
115,115,2,35,0.0,0.0
116,116,2,36,0.0,0.0
117,117,2,37,0.0,0.0
118,118,2,38,0.0,0.0
119,119,2,39,0.0,0.0
120,120,3,0,0.0,0.0
121,121,3,1,0.0,0.0
122,122,3,2,0.0,0.0
123,123,3,3,0.0,0.0
124,124,3,4,0.0,0.0
125,125,3,5,0.0,0.0
126,126,3,6,0.0,0.0
127,127,3,7,0.0,0.0
128,128,3,8,0.0,0.0
129,129,3,9,0.0,0.0
130,130,3,10,0.0,0.0
131,131,3,11,0.0,0.0
132,132,3,12,0.0,0.0
133,133,3,13,0.0,0.0
134,134,3,14,0.0,0.0
135,135,3,15,0.0,0.0
136,136,3,16,0.0,0.0
137,137,3,17,0.0,0.0
138,138,3,18,0.0,0.0
139,139,3,19,0.0,0.0
140,140,3,20,0.0,0.0
141,141,3,21,0.0,0.0
142,142,3,22,0.0,0.0
143,143,3,23,0.0,0.0
144,144,3,24,0.0,0.0
145,145,3,25,0.0,0.0
146,146,3,26,0.0,0.0
147,147,3,27,0.0,0.0
148,148,3,28,0.0,0.0
149,149,3,29,0.0,0.0
150,150,3,30,0.0,0.0
151,151,3,31,0.0,0.0
152,152,3,32,0.0,0.0
153,153,3,33,0.0,0.0
154,154,3,34,0.0,0.0
155,155,3,35,0.0,0.0
156,156,3,36,0.0,0.0
157,157,3,37,0.0,0.0
158,158,3,38,0.0,0.0
159,159,3,39,0.0,0.0
160,160,4,0,0.0,0.0
161,161,4,1,0.0,0.0
162,162,4,2,0.0,0.0
163,163,4,3,0.0,0.0
164,164,4,4,0.0,0.0
165,165,4,5,0.0,0.0
166,166,4,6,0.0,0.0
167,167,4,7,0.0,0.0
168,168,4,8,0.0,0.0
169,169,4,9,0.0,0.0
170,170,4,10,0.0,0.0
171,171,4,11,0.0,0.0
172,172,4,12,0.0,0.0
173,173,4,13,0.0,0.0
174,174,4,14,0.0,0.0
175,175,4,15,0.0,0.0
176,176,4,16,0.0,0.0
177,177,4,17,0.0,0.0
178,178,4,18,0.0,0.0
179,179,4,19,0.0,0.0
180,180,4,20,0.0,0.0
181,181,4,21,0.0,0.0
182,182,4,22,0.0,0.0
183,183,4,23,0.0,0.0
184,184,4,24,0.0,0.0
185,185,4,25,0.0,0.0
186,186,4,26,0.0,0.0
187,187,4,27,0.0,0.0
188,188,4,28,0.0,0.0
189,189,4,29,0.0,0.0
190,190,4,30,0.0,0.0
191,191,4,31,0.0,0.0
192,192,4,32,0.0,0.0
193,193,4,33,0.0,0.0
194,194,4,34,0.0,0.0
195,195,4,35,0.0,0.0
196,196,4,36,0.0,0.0
197,197,4,37,0.0,0.0
198,198,4,38,0.0,0.0
199,199,4,39,0.0,0.0
200,200,5,0,0.0,0.0
201,201,5,1,0.0,0.0
202,202,5,2,0.0,0.0
203,203,5,3,0.0,0.0
204,204,5,4,0.0,0.0
205,205,5,5,0.0,0.0
206,206,5,6,0.0,0.0
207,207,5,7,0.0,0.0
208,208,5,8,0.0,0.0
209,209,5,9,0.0,0.0
210,210,5,10,0.0,0.0
211,211,5,11,0.0,0.0
212,212,5,12,0.0,0.0
213,213,5,13,0.0,0.0
214,214,5,14,0.0,0.0
215,215,5,15,0.0,0.0
216,216,5,16,0.0,0.0
217,217,5,17,0.0,0.0
218,218,5,18,0.0,0.0
219,219,5,19,0.0,0.0
220,220,5,20,0.0,0.0
221,221,5,21,0.0,0.0
222,222,5,22,0.0,0.0
223,223,5,23,0.0,0.0
224,224,5,24,0.0,0.0
225,225,5,25,0.0,0.0
226,226,5,26,0.0,0.0
227,227,5,27,0.0,0.0
228,228,5,28,0.0,0.0
229,229,5,29,0.0,0.0
230,230,5,30,0.0,0.0
231,231,5,31,0.0,0.0
232,232,5,32,0.0,0.0
233,233,5,33,0.0,0.0
234,234,5,34,0.0,0.0
235,235,5,35,0.0,0.0
236,236,5,36,0.0,0.0
237,237,5,37,0.0,0.0
238,238,5,38,0.0,0.0
239,239,5,39,0.0,0.0
240,240,6,0,0.0,0.0
241,241,6,1,0.0,0.0
242,242,6,2,0.0,0.0
243,243,6,3,0.0,0.0
244,244,6,4,0.0,0.0
245,245,6,5,0.0,0.0
246,246,6,6,0.0,0.0
247,247,6,7,0.0,0.0
248,248,6,8,0.0,0.0
249,249,6,9,0.0,0.0
250,250,6,10,0.0,0.0
251,251,6,11,0.0,0.0
252,252,6,12,0.0,0.0
253,253,6,13,0.0,0.0
254,254,6,14,0.0,0.0
255,255,6,15,0.0,0.0
256,256,6,16,0.0,0.0
257,257,6,17,0.0,0.0
258,258,6,18,0.0,0.0
259,259,6,19,0.0,0.0
260,260,6,20,0.0,0.0
261,261,6,21,0.0,0.0
262,262,6,22,0.0,0.0
263,263,6,23,0.0,0.0
264,264,6,24,0.0,0.0
265,265,6,25,0.0,0.0
266,266,6,26,0.0,0.0
267,267,6,27,0.0,0.0
268,268,6,28,0.0,0.0
269,269,6,29,0.0,0.0
270,270,6,30,0.0,0.0
271,271,6,31,0.0,0.0
272,272,6,32,0.0,0.0
273,273,6,33,0.0,0.0
274,274,6,34,0.0,0.0
275,275,6,35,0.0,0.0
276,276,6,36,0.0,0.0
277,277,6,37,0.0,0.0
278,278,6,38,0.0,0.0
279,279,6,39,0.0,0.0
280,280,7,0,0.0136163500534285,0.002594598249507836
281,281,7,1,0.0118403043942857,0.0022561723908763884
282,282,7,2,0.0088802282957142,0.0016921292931572768
283,283,7,3,0.0094722435154285,0.001804937912701099
284,284,7,4,0.0065121674168571,0.0012408948149820068
285,285,7,5,0.016576426152,0.0031586413472269475
286,286,7,6,0.016576426152,0.0031586413472269475
287,287,7,7,0.0106562739548571,0.0020305551517887438
288,288,7,8,0.0142083652731428,0.002707406869051658
289,289,7,9,0.008288213076,0.0015793206736134738
290,290,7,10,0.0071041826365714,0.001353703434525829
291,291,7,11,0.0071041826365714,0.001353703434525829
292,292,7,12,0.0053281369774285,0.0010152775758943623
293,293,7,13,0.0053281369774285,0.0010152775758943623
294,294,7,14,0.004144106538,0.0007896603368067369
295,295,7,15,0.0071041826365714,0.001353703434525829
296,296,7,16,0.008288213076,0.0015793206736134738
297,297,7,17,0.0076961978562857,0.0014665120540696512
298,298,7,18,0.0153923957125714,0.0029330241081393024
299,299,7,19,0.0059201521971428,0.0011280861954381847
300,300,7,20,0.008288213076,0.0015793206736134738
301,301,7,21,0.0106562739548571,0.0020305551517887438
302,302,7,22,0.0059201521971428,0.0011280861954381847
303,303,7,23,0.0059201521971428,0.0011280861954381847
304,304,7,24,0.0148003804928571,0.0028202154885954805
305,305,7,25,0.0065121674168571,0.0012408948149820068
306,306,7,26,0.0088802282957142,0.0016921292931572768
307,307,7,27,0.012432319614,0.0023689810104202107
308,308,7,28,0.0142083652731428,0.002707406869051658
309,309,7,29,0.0136163500534285,0.002594598249507836
310,310,7,30,0.0136163500534285,0.002594598249507836
311,311,7,31,0.0065121674168571,0.0012408948149820068
312,312,7,32,0.0118403043942857,0.0022561723908763884
313,313,7,33,0.012432319614,0.0023689810104202107
314,314,7,34,0.0094722435154285,0.001804937912701099
315,315,7,35,0.008288213076,0.0015793206736134738
316,316,7,36,0.0171684413717142,0.0032714499667707508
317,317,7,37,0.0076961978562857,0.0014665120540696512
318,318,7,38,0.0088802282957142,0.0016921292931572768
319,319,7,39,0.0065121674168571,0.0012408948149820068
320,320,8,0,0.26195138541,0.0499148893333427
321,321,8,1,0.2277838134,0.04340425159421104
322,322,8,2,0.17083786005,0.032553188695658285
323,323,8,3,0.18222705072,0.03472340127536883
324,324,8,4,0.12528109737,0.023872338376816075
325,325,8,5,0.31889733876,0.06076595223189545
326,326,8,6,0.31889733876,0.06076595223189545
327,327,8,7,0.20500543206,0.039063826434789936
328,328,8,8,0.27334057608,0.052085101913053246
329,329,8,9,0.15944866938,0.030382976115947726
330,330,8,10,0.13667028804,0.026042550956526623
331,331,8,11,0.13667028804,0.026042550956526623
332,332,8,12,0.10250271603,0.019531913217394968
333,333,8,13,0.10250271603,0.019531913217394968
334,334,8,14,0.07972433469,0.015191488057973863
335,335,8,15,0.13667028804,0.026042550956526623
336,336,8,16,0.15944866938,0.030382976115947726
337,337,8,17,0.14805947871,0.028212763536237175
338,338,8,18,0.29611895742,0.05642552707247435
339,339,8,19,0.1138919067,0.02170212579710552
340,340,8,20,0.15944866938,0.030382976115947726
341,341,8,21,0.20500543206,0.039063826434789936
342,342,8,22,0.1138919067,0.02170212579710552
343,343,8,23,0.1138919067,0.02170212579710552
344,344,8,24,0.28472976675,0.0542553144927638
345,345,8,25,0.12528109737,0.023872338376816075
346,346,8,26,0.17083786005,0.032553188695658285
347,347,8,27,0.23917300407,0.04557446417392159
348,348,8,28,0.27334057608,0.052085101913053246
349,349,8,29,0.26195138541,0.0499148893333427
350,350,8,30,0.26195138541,0.0499148893333427
351,351,8,31,0.12528109737,0.023872338376816075
352,352,8,32,0.2277838134,0.04340425159421104
353,353,8,33,0.23917300407,0.04557446417392159
354,354,8,34,0.18222705072,0.03472340127536883
355,355,8,35,0.15944866938,0.030382976115947726
356,356,8,36,0.33028652943,0.06293616481160601
357,357,8,37,0.14805947871,0.028212763536237175
358,358,8,38,0.17083786005,0.032553188695658285
359,359,8,39,0.12528109737,0.023872338376816075
360,360,9,0,0.6493684397388572,0.12373728718936983
361,361,9,1,0.5646682084685716,0.10759764103423465
362,362,9,2,0.4235011563514286,0.08069823077567598
363,363,9,3,0.4517345667748572,0.08607811282738771
364,364,9,4,0.3105675146577143,0.059178702568829046
365,365,9,5,0.790535491856,0.15063669744792849
366,366,9,6,0.790535491856,0.15063669744792849
367,367,9,7,0.5082013876217143,0.09683787693081117
368,368,9,8,0.6776018501622857,0.12911716924108155
369,369,9,9,0.395267745928,0.07531834872396424
370,370,9,10,0.3388009250811428,0.06455858462054076
371,371,9,11,0.3388009250811428,0.06455858462054076
372,372,9,12,0.2541006938108571,0.04841893846540557
373,373,9,13,0.2541006938108571,0.04841893846540557
374,374,9,14,0.197633872964,0.03765917436198212
375,375,9,15,0.3388009250811428,0.06455858462054076
376,376,9,16,0.395267745928,0.07531834872396424
377,377,9,17,0.3670343355045714,0.0699384666722525
378,378,9,18,0.7340686710091429,0.13987693334450502
379,379,9,19,0.2823341042342858,0.053798820517117325
380,380,9,20,0.395267745928,0.07531834872396424
381,381,9,21,0.5082013876217143,0.09683787693081117
382,382,9,22,0.2823341042342858,0.053798820517117325
383,383,9,23,0.2823341042342858,0.053798820517117325
384,384,9,24,0.7058352605857143,0.1344970512927933
385,385,9,25,0.3105675146577143,0.059178702568829046
386,386,9,26,0.4235011563514286,0.08069823077567598
387,387,9,27,0.592901618892,0.11297752308594636
388,388,9,28,0.6776018501622857,0.12911716924108155
389,389,9,29,0.6493684397388572,0.12373728718936983
390,390,9,30,0.6493684397388572,0.12373728718936983
391,391,9,31,0.3105675146577143,0.059178702568829046
392,392,9,32,0.5646682084685716,0.10759764103423465
393,393,9,33,0.592901618892,0.11297752308594636
394,394,9,34,0.4517345667748572,0.08607811282738771
395,395,9,35,0.395267745928,0.07531834872396424
396,396,9,36,0.8187689022794287,0.15601657949964023
397,397,9,37,0.3670343355045714,0.0699384666722525
398,398,9,38,0.4235011563514286,0.08069823077567598
399,399,9,39,0.3105675146577143,0.059178702568829046
400,400,10,0,0.8800043250365714,0.16768500165903893
401,401,10,1,0.7652211522057144,0.14581304492090344
402,402,10,2,0.5739158641542857,0.10935978369067757
403,403,10,3,0.6121769217645715,0.11665043593672275
404,404,10,4,0.4208716337131429,0.08019717470649688
405,405,10,5,1.071309613088,0.2041382628892648
406,406,10,6,1.071309613088,0.2041382628892648
407,407,10,7,0.6886990369851429,0.13123174042881308
408,408,10,8,0.9182653826468572,0.17497565390508413
409,409,10,9,0.535654806544,0.1020691314446324
410,410,10,10,0.4591326913234286,0.08748782695254206
411,411,10,11,0.4591326913234286,0.08748782695254206
412,412,10,12,0.3443495184925714,0.06561587021440653
413,413,10,13,0.3443495184925714,0.06561587021440653
414,414,10,14,0.267827403272,0.0510345657223162
415,415,10,15,0.4591326913234286,0.08748782695254206
416,416,10,16,0.535654806544,0.1020691314446324
417,417,10,17,0.4973937489337143,0.09477847919858723
418,418,10,18,0.9947874978674286,0.18955695839717446
419,419,10,19,0.3826105761028572,0.07290652246045172
420,420,10,20,0.535654806544,0.1020691314446324
421,421,10,21,0.6886990369851429,0.13123174042881308
422,422,10,22,0.3826105761028572,0.07290652246045172
423,423,10,23,0.3826105761028572,0.07290652246045172
424,424,10,24,0.956526440257143,0.1822663061511293
425,425,10,25,0.4208716337131429,0.08019717470649688
426,426,10,26,0.5739158641542857,0.10935978369067757
427,427,10,27,0.803482209816,0.1531036971669486
428,428,10,28,0.9182653826468572,0.17497565390508413
429,429,10,29,0.8800043250365714,0.16768500165903893
430,430,10,30,0.8800043250365714,0.16768500165903893
431,431,10,31,0.4208716337131429,0.08019717470649688
432,432,10,32,0.7652211522057144,0.14581304492090344
433,433,10,33,0.803482209816,0.1531036971669486
434,434,10,34,0.6121769217645715,0.11665043593672275
435,435,10,35,0.535654806544,0.1020691314446324
436,436,10,36,1.1095706706982855,0.21142891513530992
437,437,10,37,0.4973937489337143,0.09477847919858723
438,438,10,38,0.5739158641542857,0.10935978369067757
439,439,10,39,0.4208716337131429,0.08019717470649688
440,440,11,0,0.9730524829488572,0.1854153469198349
441,441,11,1,0.8461325938685714,0.16123073645203037
442,442,11,2,0.6345994454014285,0.12092305233902277
443,443,11,3,0.6769060750948572,0.1289845891616243
444,444,11,4,0.4653729266277143,0.08867690504861671
445,445,11,5,1.1845856314160002,0.22572303103284255
446,446,11,6,1.1845856314160002,0.22572303103284255
447,447,11,7,0.7615193344817143,0.14510766280682733
448,448,11,8,1.0153591126422856,0.19347688374243643
449,449,11,9,0.5922928157080001,0.11286151551642128
450,450,11,10,0.5076795563211428,0.09673844187121822
451,451,11,11,0.5076795563211428,0.09673844187121822
452,452,11,12,0.3807596672408571,0.07255383140341365
453,453,11,13,0.3807596672408571,0.07255383140341365
454,454,11,14,0.296146407854,0.056430757758210624
455,455,11,15,0.5076795563211428,0.09673844187121822
456,456,11,16,0.5922928157080001,0.11286151551642128
457,457,11,17,0.5499861860145714,0.10479997869381973
458,458,11,18,1.0999723720291428,0.20959995738763945
459,459,11,19,0.4230662969342857,0.08061536822601519
460,460,11,20,0.5922928157080001,0.11286151551642128
461,461,11,21,0.7615193344817143,0.14510766280682733
462,462,11,22,0.4230662969342857,0.08061536822601519
463,463,11,23,0.4230662969342857,0.08061536822601519
464,464,11,24,1.0576657423357143,0.20153842056503796
465,465,11,25,0.4653729266277143,0.08867690504861671
466,466,11,26,0.6345994454014285,0.12092305233902277
467,467,11,27,0.888439223562,0.1692922732746319
468,468,11,28,1.0153591126422856,0.19347688374243643
469,469,11,29,0.9730524829488572,0.1854153469198349
470,470,11,30,0.9730524829488572,0.1854153469198349
471,471,11,31,0.4653729266277143,0.08867690504861671
472,472,11,32,0.8461325938685714,0.16123073645203037
473,473,11,33,0.888439223562,0.1692922732746319
474,474,11,34,0.6769060750948572,0.1289845891616243
475,475,11,35,0.5922928157080001,0.11286151551642128
476,476,11,36,1.2268922611094286,0.23378456785544405
477,477,11,37,0.5499861860145714,0.10479997869381973
478,478,11,38,0.6345994454014285,0.12092305233902277
479,479,11,39,0.4653729266277143,0.08867690504861671
480,480,12,0,1.001819058661143,0.1908968237248939
481,481,12,1,0.8711470075314287,0.16599723802164684
482,482,12,2,0.6533602556485716,0.12449792851623515
483,483,12,3,0.696917606025143,0.13279779041731749
484,484,12,4,0.4791308541422858,0.09129848091190576
485,485,12,5,1.219605810544,0.23239613323030553
486,486,12,6,1.219605810544,0.23239613323030553
487,487,12,7,0.7840323067782858,0.14939751421948216
488,488,12,8,1.0453764090377144,0.19919668562597623
489,489,12,9,0.609802905272,0.11619806661515276
490,490,12,10,0.5226882045188572,0.09959834281298811
491,491,12,11,0.5226882045188572,0.09959834281298811
492,492,12,12,0.3920161533891429,0.07469875710974108
493,493,12,13,0.3920161533891429,0.07469875710974108
494,494,12,14,0.304901452636,0.05809903330757638
495,495,12,15,0.5226882045188572,0.09959834281298811
496,496,12,16,0.609802905272,0.11619806661515276
497,497,12,17,0.5662455548954286,0.10789820471407044
498,498,12,18,1.1324911097908572,0.21579640942814088
499,499,12,19,0.4355735037657143,0.08299861901082341
500,500,12,20,0.609802905272,0.11619806661515276
501,501,12,21,0.7840323067782858,0.14939751421948216
502,502,12,22,0.4355735037657143,0.08299861901082341
503,503,12,23,0.4355735037657143,0.08299861901082341
504,504,12,24,1.0889337594142858,0.20749654752705854
505,505,12,25,0.4791308541422858,0.09129848091190576
506,506,12,26,0.6533602556485716,0.12449792851623515
507,507,12,27,0.914704357908,0.17429709992272915
508,508,12,28,1.0453764090377144,0.19919668562597623
509,509,12,29,1.001819058661143,0.1908968237248939
510,510,12,30,1.001819058661143,0.1908968237248939
511,511,12,31,0.4791308541422858,0.09129848091190576
512,512,12,32,0.8711470075314287,0.16599723802164684
513,513,12,33,0.914704357908,0.17429709992272915
514,514,12,34,0.696917606025143,0.13279779041731749
515,515,12,35,0.609802905272,0.11619806661515276
516,516,12,36,1.2631631609205716,0.24069599513138792
517,517,12,37,0.5662455548954286,0.10789820471407044
518,518,12,38,0.6533602556485716,0.12449792851623515
519,519,12,39,0.4791308541422858,0.09129848091190576
520,520,13,0,0.9231180720237144,0.17590033484477754
521,521,13,1,0.802711366977143,0.15295681290850222
522,522,13,2,0.6020335252328571,0.11471760968137665
523,523,13,3,0.6421690935817143,0.12236545032680175
524,524,13,4,0.4414912518374286,0.08412624709967621
525,525,13,5,1.123795913768,0.21413953807190308
526,526,13,6,1.123795913768,0.21413953807190308
527,527,13,7,0.7224402302794287,0.137661131617652
528,528,13,8,0.9632536403725716,0.18354817549020266
529,529,13,9,0.561897956884,0.10706976903595154
530,530,13,10,0.4816268201862858,0.09177408774510133
531,531,13,11,0.4816268201862858,0.09177408774510133
532,532,13,12,0.3612201151397143,0.06883056580882599
533,533,13,13,0.3612201151397143,0.06883056580882599
534,534,13,14,0.280948978442,0.05353488451797577
535,535,13,15,0.4816268201862858,0.09177408774510133
536,536,13,16,0.561897956884,0.10706976903595154
537,537,13,17,0.5217623885351428,0.09942192839052641
538,538,13,18,1.0435247770702856,0.19884385678105282
539,539,13,19,0.4013556834885715,0.07647840645425111
540,540,13,20,0.561897956884,0.10706976903595154
541,541,13,21,0.7224402302794287,0.137661131617652
542,542,13,22,0.4013556834885715,0.07647840645425111
543,543,13,23,0.4013556834885715,0.07647840645425111
544,544,13,24,1.003389208721429,0.1911960161356278
545,545,13,25,0.4414912518374286,0.08412624709967621
546,546,13,26,0.6020335252328571,0.11471760968137665
547,547,13,27,0.8428469353260001,0.1606046535539273
548,548,13,28,0.9632536403725716,0.18354817549020266
549,549,13,29,0.9231180720237144,0.17590033484477754
550,550,13,30,0.9231180720237144,0.17590033484477754
551,551,13,31,0.4414912518374286,0.08412624709967621
552,552,13,32,0.802711366977143,0.15295681290850222
553,553,13,33,0.8428469353260001,0.1606046535539273
554,554,13,34,0.6421690935817143,0.12236545032680175
555,555,13,35,0.561897956884,0.10706976903595154
556,556,13,36,1.1639314821168572,0.22178737871732818
557,557,13,37,0.5217623885351428,0.09942192839052641
558,558,13,38,0.6020335252328571,0.11471760968137665
559,559,13,39,0.4414912518374286,0.08412624709967621
560,560,14,0,0.752762223557143,0.1434389935535778
561,561,14,1,0.6545758465714286,0.12472955961180678
562,562,14,2,0.4909318849285714,0.09354716970885507
563,563,14,3,0.5236606772571429,0.09978364768944543
564,564,14,4,0.3600167156142856,0.0686012577864937
565,565,14,5,0.9164061852,0.17462138345652947
566,566,14,6,0.9164061852,0.17462138345652947
567,567,14,7,0.5891182619142857,0.11225660365062609
568,568,14,8,0.7854910158857143,0.14967547153416813
569,569,14,9,0.4582030926,0.08731069172826474
570,570,14,10,0.3927455079428572,0.07483773576708407
571,571,14,11,0.3927455079428572,0.07483773576708407
572,572,14,12,0.2945591309571428,0.05612830182531304
573,573,14,13,0.2945591309571428,0.05612830182531304
574,574,14,14,0.2291015463,0.04365534586413237
575,575,14,15,0.3927455079428572,0.07483773576708407
576,576,14,16,0.4582030926,0.08731069172826474
577,577,14,17,0.4254743002714285,0.08107421374767439
578,578,14,18,0.850948600542857,0.16214842749534877
579,579,14,19,0.3272879232857143,0.06236477980590339
580,580,14,20,0.4582030926,0.08731069172826474
581,581,14,21,0.5891182619142857,0.11225660365062609
582,582,14,22,0.3272879232857143,0.06236477980590339
583,583,14,23,0.3272879232857143,0.06236477980590339
584,584,14,24,0.8182198082142857,0.15591194951475845
585,585,14,25,0.3600167156142856,0.0686012577864937
586,586,14,26,0.4909318849285714,0.09354716970885507
587,587,14,27,0.6873046388999999,0.13096603759239708
588,588,14,28,0.7854910158857143,0.14967547153416813
589,589,14,29,0.752762223557143,0.1434389935535778
590,590,14,30,0.752762223557143,0.1434389935535778
591,591,14,31,0.3600167156142856,0.0686012577864937
592,592,14,32,0.6545758465714286,0.12472955961180678
593,593,14,33,0.6873046388999999,0.13096603759239708
594,594,14,34,0.5236606772571429,0.09978364768944543
595,595,14,35,0.4582030926,0.08731069172826474
596,596,14,36,0.9491349775285716,0.18085786143711985
597,597,14,37,0.4254743002714285,0.08107421374767439
598,598,14,38,0.4909318849285714,0.09354716970885507
599,599,14,39,0.3600167156142856,0.0686012577864937
600,600,15,0,0.5948216416905715,0.11334338381754046
601,601,15,1,0.5172362101657144,0.09855946418916563
602,602,15,2,0.3879271576242858,0.07391959814187422
603,603,15,3,0.4137889681325714,0.07884757135133247
604,604,15,4,0.2844799155911429,0.054207705304041086
605,605,15,5,0.7241306942319999,0.13798324986483185
606,606,15,6,0.7241306942319999,0.13798324986483185
607,607,15,7,0.4655125891491429,0.08870351777024905
608,608,15,8,0.6206834521988572,0.11827135702699874
609,609,15,9,0.3620653471159999,0.06899162493241591
610,610,15,10,0.3103417260994286,0.05913567851349937
611,611,15,11,0.3103417260994286,0.05913567851349937
612,612,15,12,0.2327562945745714,0.04435175888512451
613,613,15,13,0.2327562945745714,0.04435175888512451
614,614,15,14,0.1810326735579999,0.03449581246620794
615,615,15,15,0.3103417260994286,0.05913567851349937
616,616,15,16,0.3620653471159999,0.06899162493241591
617,617,15,17,0.3362035366077143,0.06406365172295764
618,618,15,18,0.6724070732154287,0.1281273034459153
619,619,15,19,0.2586181050828572,0.049279732094582814
620,620,15,20,0.3620653471159999,0.06899162493241591
621,621,15,21,0.4655125891491429,0.08870351777024905
622,622,15,22,0.2586181050828572,0.049279732094582814
623,623,15,23,0.2586181050828572,0.049279732094582814
624,624,15,24,0.646545262707143,0.12319933023645703
625,625,15,25,0.2844799155911429,0.054207705304041086
626,626,15,26,0.3879271576242858,0.07391959814187422
627,627,15,27,0.543098020674,0.10348743739862389
628,628,15,28,0.6206834521988572,0.11827135702699874
629,629,15,29,0.5948216416905715,0.11334338381754046
630,630,15,30,0.5948216416905715,0.11334338381754046
631,631,15,31,0.2844799155911429,0.054207705304041086
632,632,15,32,0.5172362101657144,0.09855946418916563
633,633,15,33,0.543098020674,0.10348743739862389
634,634,15,34,0.4137889681325714,0.07884757135133247
635,635,15,35,0.3620653471159999,0.06899162493241591
636,636,15,36,0.7499925047402858,0.14291122307429013
637,637,15,37,0.3362035366077143,0.06406365172295764
638,638,15,38,0.3879271576242858,0.07391959814187422
639,639,15,39,0.2844799155911429,0.054207705304041086
640,640,16,0,0.2784419443488571,0.053057168665783264
641,641,16,1,0.2421234298685714,0.04613666840502893
642,642,16,2,0.1815925724014286,0.0346025013037717
643,643,16,3,0.1936987438948571,0.03690933472402314
644,644,16,4,0.1331678864277143,0.025375167622765916
645,645,16,5,0.338972801816,0.0645913357670405
646,646,16,6,0.338972801816,0.0645913357670405
647,647,16,7,0.2179110868817143,0.04152300156452604
648,648,16,8,0.2905481158422857,0.055364002086034717
649,649,16,9,0.169486400908,0.03229566788352025
650,650,16,10,0.1452740579211428,0.02768200104301735
651,651,16,11,0.1452740579211428,0.02768200104301735
652,652,16,12,0.1089555434408571,0.020761500782263013
653,653,16,13,0.1089555434408571,0.020761500782263013
654,654,16,14,0.084743200454,0.016147833941760125
655,655,16,15,0.1452740579211428,0.02768200104301735
656,656,16,16,0.169486400908,0.03229566788352025
657,657,16,17,0.1573802294145714,0.029988834463268797
658,658,16,18,0.3147604588291429,0.059977668926537615
659,659,16,19,0.1210617149342857,0.023068334202514466
660,660,16,20,0.169486400908,0.03229566788352025
661,661,16,21,0.2179110868817143,0.04152300156452604
662,662,16,22,0.1210617149342857,0.023068334202514466
663,663,16,23,0.1210617149342857,0.023068334202514466
664,664,16,24,0.3026542873357143,0.05767083550628617
665,665,16,25,0.1331678864277143,0.025375167622765916
666,666,16,26,0.1815925724014286,0.0346025013037717
667,667,16,27,0.254229601362,0.04844350182528038
668,668,16,28,0.2905481158422857,0.055364002086034717
669,669,16,29,0.2784419443488571,0.053057168665783264
670,670,16,30,0.2784419443488571,0.053057168665783264
671,671,16,31,0.1331678864277143,0.025375167622765916
672,672,16,32,0.2421234298685714,0.04613666840502893
673,673,16,33,0.254229601362,0.04844350182528038
674,674,16,34,0.1936987438948571,0.03690933472402314
675,675,16,35,0.169486400908,0.03229566788352025
676,676,16,36,0.3510789733094286,0.06689816918729197
677,677,16,37,0.1573802294145714,0.029988834463268797
678,678,16,38,0.1815925724014286,0.0346025013037717
679,679,16,39,0.1331678864277143,0.025375167622765916
680,680,17,0,0.0238388665931428,0.004542500838339212
681,681,17,1,0.0207294492114285,0.003950000728990615
682,682,17,2,0.0155470869085714,0.0029625005467429663
683,683,17,3,0.0165835593691428,0.003160000583192492
684,684,17,4,0.0114011970662857,0.002172500400944843
685,685,17,5,0.029021228896,0.00553000102058688
686,686,17,6,0.029021228896,0.00553000102058688
687,687,17,7,0.0186565042902857,0.003555000656091563
688,688,17,8,0.0248753390537142,0.004740000874788738
689,689,17,9,0.014510614448,0.00276500051029344
690,690,17,10,0.0124376695268571,0.002370000437394369
691,691,17,11,0.0124376695268571,0.002370000437394369
692,692,17,12,0.0093282521451428,0.001777500328045772
693,693,17,13,0.0093282521451428,0.001777500328045772
694,694,17,14,0.007255307224,0.00138250025514672
695,695,17,15,0.0124376695268571,0.002370000437394369
696,696,17,16,0.014510614448,0.00276500051029344
697,697,17,17,0.0134741419874285,0.002567500473843895
698,698,17,18,0.0269482839748571,0.005135000947687809
699,699,17,19,0.0103647246057142,0.001975000364495298
700,700,17,20,0.014510614448,0.00276500051029344
701,701,17,21,0.0186565042902857,0.003555000656091563
702,702,17,22,0.0103647246057142,0.001975000364495298
703,703,17,23,0.0103647246057142,0.001975000364495298
704,704,17,24,0.0259118115142857,0.004937500911238284
705,705,17,25,0.0114011970662857,0.002172500400944843
706,706,17,26,0.0155470869085714,0.0029625005467429663
707,707,17,27,0.021765921672,0.00414750076544016
708,708,17,28,0.0248753390537142,0.004740000874788738
709,709,17,29,0.0238388665931428,0.004542500838339212
710,710,17,30,0.0238388665931428,0.004542500838339212
711,711,17,31,0.0114011970662857,0.002172500400944843
712,712,17,32,0.0207294492114285,0.003950000728990615
713,713,17,33,0.021765921672,0.00414750076544016
714,714,17,34,0.0165835593691428,0.003160000583192492
715,715,17,35,0.014510614448,0.00276500051029344
716,716,17,36,0.0300577013565714,0.005727501057036406
717,717,17,37,0.0134741419874285,0.002567500473843895
718,718,17,38,0.0155470869085714,0.0029625005467429663
719,719,17,39,0.0114011970662857,0.002172500400944843
720,720,18,0,0.0,0.0
721,721,18,1,0.0,0.0
722,722,18,2,0.0,0.0
723,723,18,3,0.0,0.0
724,724,18,4,0.0,0.0
725,725,18,5,0.0,0.0
726,726,18,6,0.0,0.0
727,727,18,7,0.0,0.0
728,728,18,8,0.0,0.0
729,729,18,9,0.0,0.0
730,730,18,10,0.0,0.0
731,731,18,11,0.0,0.0
732,732,18,12,0.0,0.0
733,733,18,13,0.0,0.0
734,734,18,14,0.0,0.0
735,735,18,15,0.0,0.0
736,736,18,16,0.0,0.0
737,737,18,17,0.0,0.0
738,738,18,18,0.0,0.0
739,739,18,19,0.0,0.0
740,740,18,20,0.0,0.0
741,741,18,21,0.0,0.0
742,742,18,22,0.0,0.0
743,743,18,23,0.0,0.0
744,744,18,24,0.0,0.0
745,745,18,25,0.0,0.0
746,746,18,26,0.0,0.0
747,747,18,27,0.0,0.0
748,748,18,28,0.0,0.0
749,749,18,29,0.0,0.0
750,750,18,30,0.0,0.0
751,751,18,31,0.0,0.0
752,752,18,32,0.0,0.0
753,753,18,33,0.0,0.0
754,754,18,34,0.0,0.0
755,755,18,35,0.0,0.0
756,756,18,36,0.0,0.0
757,757,18,37,0.0,0.0
758,758,18,38,0.0,0.0
759,759,18,39,0.0,0.0
760,760,19,0,0.0,0.0
761,761,19,1,0.0,0.0
762,762,19,2,0.0,0.0
763,763,19,3,0.0,0.0
764,764,19,4,0.0,0.0
765,765,19,5,0.0,0.0
766,766,19,6,0.0,0.0
767,767,19,7,0.0,0.0
768,768,19,8,0.0,0.0
769,769,19,9,0.0,0.0
770,770,19,10,0.0,0.0
771,771,19,11,0.0,0.0
772,772,19,12,0.0,0.0
773,773,19,13,0.0,0.0
774,774,19,14,0.0,0.0
775,775,19,15,0.0,0.0
776,776,19,16,0.0,0.0
777,777,19,17,0.0,0.0
778,778,19,18,0.0,0.0
779,779,19,19,0.0,0.0
780,780,19,20,0.0,0.0
781,781,19,21,0.0,0.0
782,782,19,22,0.0,0.0
783,783,19,23,0.0,0.0
784,784,19,24,0.0,0.0
785,785,19,25,0.0,0.0
786,786,19,26,0.0,0.0
787,787,19,27,0.0,0.0
788,788,19,28,0.0,0.0
789,789,19,29,0.0,0.0
790,790,19,30,0.0,0.0
791,791,19,31,0.0,0.0
792,792,19,32,0.0,0.0
793,793,19,33,0.0,0.0
794,794,19,34,0.0,0.0
795,795,19,35,0.0,0.0
796,796,19,36,0.0,0.0
797,797,19,37,0.0,0.0
798,798,19,38,0.0,0.0
799,799,19,39,0.0,0.0
800,800,20,0,0.0,0.0
801,801,20,1,0.0,0.0
802,802,20,2,0.0,0.0
803,803,20,3,0.0,0.0
804,804,20,4,0.0,0.0
805,805,20,5,0.0,0.0
806,806,20,6,0.0,0.0
807,807,20,7,0.0,0.0
808,808,20,8,0.0,0.0
809,809,20,9,0.0,0.0
810,810,20,10,0.0,0.0
811,811,20,11,0.0,0.0
812,812,20,12,0.0,0.0
813,813,20,13,0.0,0.0
814,814,20,14,0.0,0.0
815,815,20,15,0.0,0.0
816,816,20,16,0.0,0.0
817,817,20,17,0.0,0.0
818,818,20,18,0.0,0.0
819,819,20,19,0.0,0.0
820,820,20,20,0.0,0.0
821,821,20,21,0.0,0.0
822,822,20,22,0.0,0.0
823,823,20,23,0.0,0.0
824,824,20,24,0.0,0.0
825,825,20,25,0.0,0.0
826,826,20,26,0.0,0.0
827,827,20,27,0.0,0.0
828,828,20,28,0.0,0.0
829,829,20,29,0.0,0.0
830,830,20,30,0.0,0.0
831,831,20,31,0.0,0.0
832,832,20,32,0.0,0.0
833,833,20,33,0.0,0.0
834,834,20,34,0.0,0.0
835,835,20,35,0.0,0.0
836,836,20,36,0.0,0.0
837,837,20,37,0.0,0.0
838,838,20,38,0.0,0.0
839,839,20,39,0.0,0.0
840,840,21,0,0.0,0.0
841,841,21,1,0.0,0.0
842,842,21,2,0.0,0.0
843,843,21,3,0.0,0.0
844,844,21,4,0.0,0.0
845,845,21,5,0.0,0.0
846,846,21,6,0.0,0.0
847,847,21,7,0.0,0.0
848,848,21,8,0.0,0.0
849,849,21,9,0.0,0.0
850,850,21,10,0.0,0.0
851,851,21,11,0.0,0.0
852,852,21,12,0.0,0.0
853,853,21,13,0.0,0.0
854,854,21,14,0.0,0.0
855,855,21,15,0.0,0.0
856,856,21,16,0.0,0.0
857,857,21,17,0.0,0.0
858,858,21,18,0.0,0.0
859,859,21,19,0.0,0.0
860,860,21,20,0.0,0.0
861,861,21,21,0.0,0.0
862,862,21,22,0.0,0.0
863,863,21,23,0.0,0.0
864,864,21,24,0.0,0.0
865,865,21,25,0.0,0.0
866,866,21,26,0.0,0.0
867,867,21,27,0.0,0.0
868,868,21,28,0.0,0.0
869,869,21,29,0.0,0.0
870,870,21,30,0.0,0.0
871,871,21,31,0.0,0.0
872,872,21,32,0.0,0.0
873,873,21,33,0.0,0.0
874,874,21,34,0.0,0.0
875,875,21,35,0.0,0.0
876,876,21,36,0.0,0.0
877,877,21,37,0.0,0.0
878,878,21,38,0.0,0.0
879,879,21,39,0.0,0.0
880,880,22,0,0.0,0.0
881,881,22,1,0.0,0.0
882,882,22,2,0.0,0.0
883,883,22,3,0.0,0.0
884,884,22,4,0.0,0.0
885,885,22,5,0.0,0.0
886,886,22,6,0.0,0.0
887,887,22,7,0.0,0.0
888,888,22,8,0.0,0.0
889,889,22,9,0.0,0.0
890,890,22,10,0.0,0.0
891,891,22,11,0.0,0.0
892,892,22,12,0.0,0.0
893,893,22,13,0.0,0.0
894,894,22,14,0.0,0.0
895,895,22,15,0.0,0.0
896,896,22,16,0.0,0.0
897,897,22,17,0.0,0.0
898,898,22,18,0.0,0.0
899,899,22,19,0.0,0.0
900,900,22,20,0.0,0.0
901,901,22,21,0.0,0.0
902,902,22,22,0.0,0.0
903,903,22,23,0.0,0.0
904,904,22,24,0.0,0.0
905,905,22,25,0.0,0.0
906,906,22,26,0.0,0.0
907,907,22,27,0.0,0.0
908,908,22,28,0.0,0.0
909,909,22,29,0.0,0.0
910,910,22,30,0.0,0.0
911,911,22,31,0.0,0.0
912,912,22,32,0.0,0.0
913,913,22,33,0.0,0.0
914,914,22,34,0.0,0.0
915,915,22,35,0.0,0.0
916,916,22,36,0.0,0.0
917,917,22,37,0.0,0.0
918,918,22,38,0.0,0.0
919,919,22,39,0.0,0.0
920,920,23,0,0.0,0.0
921,921,23,1,0.0,0.0
922,922,23,2,0.0,0.0
923,923,23,3,0.0,0.0
924,924,23,4,0.0,0.0
925,925,23,5,0.0,0.0
926,926,23,6,0.0,0.0
927,927,23,7,0.0,0.0
928,928,23,8,0.0,0.0
929,929,23,9,0.0,0.0
930,930,23,10,0.0,0.0
931,931,23,11,0.0,0.0
932,932,23,12,0.0,0.0
933,933,23,13,0.0,0.0
934,934,23,14,0.0,0.0
935,935,23,15,0.0,0.0
936,936,23,16,0.0,0.0
937,937,23,17,0.0,0.0
938,938,23,18,0.0,0.0
939,939,23,19,0.0,0.0
940,940,23,20,0.0,0.0
941,941,23,21,0.0,0.0
942,942,23,22,0.0,0.0
943,943,23,23,0.0,0.0
944,944,23,24,0.0,0.0
945,945,23,25,0.0,0.0
946,946,23,26,0.0,0.0
947,947,23,27,0.0,0.0
948,948,23,28,0.0,0.0
949,949,23,29,0.0,0.0
950,950,23,30,0.0,0.0
951,951,23,31,0.0,0.0
952,952,23,32,0.0,0.0
953,953,23,33,0.0,0.0
954,954,23,34,0.0,0.0
955,955,23,35,0.0,0.0
956,956,23,36,0.0,0.0
957,957,23,37,0.0,0.0
958,958,23,38,0.0,0.0
959,959,23,39,0.0,0.0
