Origen,Destino,Distancia_km,Desnivel,Consumo_Wh
0.0,1.0,6.3949,-34.0,82.93114999999999
0.0,2.0,5.45,-30.0,70.575
0.0,3.0,4.831300000000001,1.0,65.32255
0.0,4.0,3.8644000000000003,18.0,53.9694
0.0,5.0,4.648899999999999,-14.0,61.36014999999999
0.0,6.0,2.946,6.0,40.371
0.0,7.0,6.6661,28.0,92.79235
0.0,8.0,1.5407,10.0,21.79945
0.0,9.0,7.8783,-25.0,103.85705
0.0,10.0,9.067200000000001,-25.0,119.90720000000002
0.0,11.0,8.894200000000001,-10.0,119.07170000000002
0.0,12.0,8.6132,-13.0,114.97820000000002
0.0,13.0,9.154,-10.0,122.579
0.0,14.0,10.3933,-18.0,138.50955
0.0,15.0,7.097899999999999,-2.0,95.62164999999999
0.0,16.0,6.3975,-1.0,86.26625
0.0,17.0,5.9821,-24.0,78.35834999999999
0.0,18.0,4.6753,-24.0,60.716550000000005
0.0,19.0,7.1943,-8.0,96.32305000000001
0.0,20.0,6.1995,23.0,85.99324999999999
0.0,21.0,7.7646999999999995,-25.0,102.32345
0.0,22.0,10.0558,-27.0,133.0533
0.0,23.0,10.61,12.0,144.43499999999997
0.0,24.0,1.4273,11.0,20.368550000000003
0.0,25.0,5.1055,15.0,70.42425
0.0,26.0,4.443,22.0,62.180499999999995
0.0,27.0,5.39,-6.0,72.165
0.0,28.0,5.5981000000000005,-10.0,74.57435000000001
0.0,29.0,2.0965,4.0,28.702749999999995
0.0,30.0,3.7432,-26.0,47.9332
0.0,31.0,2.7676,-9.0,36.4626
0.0,32.0,2.8527,18.0,40.31145
0.0,33.0,6.7258000000000004,19.0,92.69830000000002
0.0,34.0,3.4418,-23.0,44.164300000000004
0.0,35.0,3.9914,-8.0,53.08390000000001
0.0,36.0,4.5873,-11.0,60.82855
0.0,37.0,6.6582,-8.0,89.0857
0.0,38.0,9.348,4.0,126.59800000000001
0.0,39.0,7.5104,-10.0,100.3904
1.0,0.0,6.249,34.0,87.7615
1.0,2.0,8.107899999999999,4.0,109.85664999999999
1.0,3.0,4.9583,35.0,70.43705
1.0,4.0,4.5168,52.0,66.1768
1.0,5.0,4.301699999999999,20.0,60.07294999999999
1.0,6.0,4.799300000000001,40.0,68.79055000000001
1.0,7.0,5.2366,62.0,76.89410000000001
1.0,8.0,6.4561,44.0,91.55735000000001
1.0,9.0,1.9384000000000001,9.0,27.0684
1.0,10.0,3.0582,9.0,42.1857
1.0,11.0,10.9338,24.0,150.0063
1.0,12.0,10.913799999999998,21.0,149.43629999999996
1.0,13.0,11.9171,24.0,163.28085
1.0,14.0,12.4329,16.0,169.44415
1.0,15.0,5.8262,32.0,81.8537
1.0,16.0,5.1013,33.0,72.16755
1.0,17.0,7.0793,10.0,96.57055
1.0,18.0,5.897600000000001,10.0,80.61760000000001
1.0,19.0,2.569,26.0,37.2815
1.0,20.0,3.7803,57.0,56.73405
1.0,21.0,1.9195,9.0,26.81325
1.0,22.0,4.2491,7.0,58.062850000000005
1.0,23.0,5.1273,46.0,73.81854999999999
1.0,24.0,7.3145,45.0,103.24575
1.0,25.0,3.9488000000000003,49.0,58.208800000000004
1.0,26.0,2.9619,56.0,45.58565
1.0,27.0,2.6159,28.0,38.11465
1.0,28.0,1.3434000000000001,24.0,20.535900000000005
1.0,29.0,5.1516,38.0,73.3466
1.0,30.0,5.3428,8.0,72.9278
1.0,31.0,4.4396,25.0,62.4346
1.0,32.0,3.9065,52.0,57.93775
1.0,33.0,6.6136,53.0,94.58359999999999
1.0,34.0,7.118600000000001,11.0,97.2011
1.0,35.0,7.7961,26.0,107.84734999999999
1.0,36.0,2.5376999999999996,23.0,36.55894999999999
1.0,37.0,10.0626,26.0,138.4451
1.0,38.0,3.4081,38.0,49.80935
1.0,39.0,4.0928,24.0,57.652800000000006
2.0,0.0,5.328399999999999,30.0,74.93339999999999
2.0,1.0,8.3934,-4.0,112.9109
2.0,3.0,9.354700000000001,31.0,129.38845
2.0,4.0,8.3877,48.0,118.03395
2.0,5.0,5.3342,16.0,73.6117
2.0,6.0,7.3162,36.0,102.3687
2.0,7.0,4.8082,58.0,70.7107
2.0,8.0,6.7107,40.0,94.59445
2.0,9.0,9.661,5.0,130.9235
2.0,10.0,11.251299999999999,5.0,152.39254999999997
2.0,11.0,3.7177,20.0,52.18895
2.0,12.0,3.3435,17.0,46.837250000000004
2.0,13.0,3.9306,20.0,55.0631
2.0,14.0,4.8626000000000005,12.0,66.84510000000002
2.0,15.0,11.7799,28.0,161.82865
2.0,16.0,11.0549,29.0,152.14115
2.0,17.0,2.238,6.0,30.813000000000002
2.0,18.0,3.5206,6.0,48.1281
2.0,19.0,10.7621,22.0,147.48835
2.0,20.0,9.9175,53.0,139.18625000000003
2.0,21.0,9.087299999999999,5.0,123.17854999999999
2.0,22.0,12.442200000000001,3.0,168.26970000000003
2.0,23.0,13.3204,42.0,184.0254
2.0,24.0,6.4716000000000005,41.0,91.4666
2.0,25.0,9.3729,45.0,131.03415
2.0,26.0,8.161,52.0,115.37349999999999
2.0,27.0,6.6778,24.0,92.55030000000001
2.0,28.0,9.3439,20.0,128.14265
2.0,29.0,6.3132,34.0,88.6282
2.0,30.0,2.9914,4.0,40.7839
2.0,31.0,3.7631,21.0,52.90185
2.0,32.0,7.3615,48.0,104.18025
2.0,33.0,4.3522,49.0,63.6547
2.0,34.0,2.5690999999999997,7.0,35.38285
2.0,35.0,2.2038,22.0,31.951300000000003
2.0,36.0,5.91,19.0,81.685
2.0,37.0,2.0761999999999996,22.0,30.228699999999993
2.0,38.0,9.1737,34.0,127.24495
2.0,39.0,8.2394,20.0,113.2319
3.0,0.0,5.405600000000001,-1.0,72.87560000000002
3.0,1.0,4.9209,-35.0,62.93214999999999
3.0,2.0,9.428600000000001,-31.0,124.18610000000002
3.0,4.0,1.6362,17.0,23.788700000000002
3.0,5.0,6.5874,-15.0,87.42989999999999
3.0,6.0,4.5265,5.0,61.60775
3.0,7.0,8.653,27.0,119.5155
3.0,8.0,4.7406999999999995,9.0,64.89945
3.0,9.0,6.4044,-26.0,83.85940000000001
3.0,10.0,6.5054,-26.0,85.22290000000001
3.0,11.0,12.2545,-11.0,164.33575000000002
3.0,12.0,12.234399999999999,-14.0,163.7644
3.0,13.0,13.2377,-11.0,177.60895000000002
3.0,14.0,13.7535,-19.0,183.77225
3.0,15.0,2.3459,-3.0,31.369649999999996
3.0,16.0,1.6455,-2.0,22.01425
3.0,17.0,8.9748,-25.0,118.6598
3.0,18.0,7.6678999999999995,-25.0,101.01665
3.0,19.0,4.717,-9.0,62.7795
3.0,20.0,2.9617,22.0,42.182950000000005
3.0,21.0,6.3855,-26.0,83.60425000000001
3.0,22.0,8.2675,-28.0,108.81125
3.0,23.0,8.6256,11.0,117.5456
3.0,24.0,6.1261,10.0,83.70235
3.0,25.0,1.8229000000000002,14.0,26.00915
3.0,26.0,2.6155,21.0,37.40925
3.0,27.0,5.7054,-7.0,76.3229
3.0,28.0,4.911899999999999,-11.0,65.21065
3.0,29.0,4.0945,3.0,55.57575
3.0,30.0,6.663399999999999,-27.0,87.25589999999998
3.0,31.0,5.7603,-10.0,76.76405
3.0,32.0,3.4499,17.0,48.27365
3.0,33.0,9.7958,18.0,134.04330000000002
3.0,34.0,7.7761000000000005,-24.0,102.57735
3.0,35.0,8.3258,-9.0,111.49829999999999
3.0,36.0,5.229,-12.0,69.3915
3.0,37.0,10.483,-9.0,140.6205
3.0,38.0,7.8741,3.0,106.60035
3.0,39.0,8.1055,-11.0,108.32424999999999
4.0,0.0,4.3056,-18.0,56.3256
4.0,1.0,4.8546000000000005,-52.0,60.33710000000001
4.0,2.0,8.6844,-48.0,112.4394
4.0,3.0,1.8965,-17.0,23.90275
4.0,5.0,6.0469,-32.0,78.43315
4.0,6.0,3.4445,-12.0,45.30075
4.0,7.0,8.1125,10.0,110.51875000000001
4.0,8.0,3.8966,-8.0,51.8041
4.0,9.0,6.338100000000001,-43.0,81.26435000000001
4.0,10.0,6.751399999999999,-43.0,86.84389999999999
4.0,11.0,11.6549,-28.0,154.54115
4.0,12.0,11.6349,-31.0,153.97115
4.0,13.0,11.8788,-28.0,157.5638
4.0,14.0,13.154,-36.0,173.979
4.0,15.0,4.1631,-20.0,54.20185
4.0,16.0,3.4628,-19.0,44.8478
4.0,17.0,8.375200000000001,-42.0,108.86520000000002
4.0,18.0,7.0684,-42.0,91.2234
4.0,19.0,5.1967,-26.0,67.55545000000001
4.0,20.0,3.2076,5.0,43.8026
4.0,21.0,6.3191999999999995,-43.0,81.00919999999999
4.0,22.0,7.7399,-45.0,99.98864999999999
4.0,23.0,8.2942,-6.0,111.3717
4.0,24.0,5.282,-7.0,70.607
4.0,25.0,2.2422,-3.0,29.9697
4.0,26.0,2.4198000000000004,4.0,33.0673
4.0,27.0,5.164899999999999,-24.0,67.32614999999998
4.0,28.0,4.8456,-28.0,62.6156
4.0,29.0,3.2504,-14.0,42.4804
4.0,30.0,6.063899999999999,-44.0,77.46264999999998
4.0,31.0,5.160699999999999,-27.0,66.96945
4.0,32.0,2.5282,0.0,34.1307
4.0,33.0,9.2553,1.0,125.04655
4.0,34.0,6.6761,-41.0,86.02735
4.0,35.0,7.2258000000000004,-26.0,94.94830000000002
4.0,36.0,4.6885,-29.0,60.39475000000001
4.0,37.0,9.383,-26.0,124.0705
4.0,38.0,7.8078,-14.0,104.0053
4.0,39.0,7.565,-28.0,99.32750000000001
5.0,0.0,5.0996999999999995,14.0,70.24595
5.0,1.0,4.111800000000001,-20.0,53.50930000000001
5.0,2.0,4.6485,-16.0,61.15475
5.0,3.0,6.8149,15.0,93.50115
5.0,4.0,6.0664,32.0,85.0964
5.0,6.0,4.0617,20.0,56.832950000000004
5.0,7.0,1.9928,42.0,31.1028
5.0,8.0,6.482,24.0,89.90700000000001
5.0,9.0,5.3793999999999995,-11.0,71.5219
5.0,10.0,6.9697,-11.0,92.99095
5.0,11.0,7.2297,4.0,98.00095
5.0,12.0,7.2097,1.0,97.43095
5.0,13.0,8.213,4.0,111.2755
5.0,14.0,8.7288,-4.0,117.43879999999999
5.0,15.0,8.5253,12.0,116.29155
5.0,16.0,7.8004,13.0,106.60539999999999
5.0,17.0,3.1779,-10.0,41.901650000000004
5.0,18.0,2.0528000000000004,-10.0,26.712800000000005
5.0,19.0,6.4805,6.0,88.08675
5.0,20.0,6.6629,37.0,93.64914999999999
5.0,21.0,4.8057,-11.0,63.77694999999999
5.0,22.0,8.1606,-13.0,108.86810000000001
5.0,23.0,9.038799999999998,26.0,124.62379999999997
5.0,24.0,6.4703,25.0,89.84905
5.0,25.0,6.1183000000000005,29.0,85.49705000000002
5.0,26.0,4.9064,36.0,69.83639999999998
5.0,27.0,2.3962,8.0,33.1487
5.0,28.0,5.4153,4.0,73.50655
5.0,29.0,5.3486,18.0,74.0061
5.0,30.0,2.6181,-12.0,34.144349999999996
5.0,31.0,3.0069,5.0,41.09315
5.0,32.0,4.7783,32.0,67.70705
5.0,33.0,3.6434,33.0,52.4859
5.0,34.0,4.3938999999999995,-9.0,58.417649999999995
5.0,35.0,5.8077,6.0,79.00394999999999
5.0,36.0,1.6284,3.0,22.2834
5.0,37.0,6.3585,6.0,86.43975
5.0,38.0,6.3999,18.0,88.19864999999999
5.0,39.0,4.551399999999999,4.0,61.84389999999999
6.0,0.0,3.1575,-6.0,42.026250000000005
6.0,1.0,4.945399999999999,-40.0,62.76289999999999
6.0,2.0,7.0471,-36.0,91.53585000000001
6.0,3.0,4.5695,-5.0,61.18825
6.0,4.0,3.4973,12.0,48.41355
6.0,5.0,5.2922,-20.0,69.4447
6.0,7.0,7.309399999999999,22.0,100.87689999999999
6.0,8.0,3.307,4.0,45.0445
6.0,9.0,6.4289,-31.0,83.69015
6.0,10.0,7.6907,-31.0,100.72445
6.0,11.0,9.873,-16.0,131.6855
6.0,12.0,9.8529,-19.0,131.11415
6.0,13.0,10.288,-16.0,137.288
6.0,14.0,11.372,-24.0,151.12199999999999
6.0,15.0,6.764600000000001,-8.0,90.52210000000001
6.0,16.0,5.7791999999999994,-7.0,77.3192
6.0,17.0,6.5933,-30.0,86.00955
6.0,18.0,5.2865,-30.0,68.36775
6.0,19.0,5.8178,-14.0,77.1403
6.0,20.0,4.823,17.0,66.8105
6.0,21.0,6.41,-31.0,83.435
6.0,22.0,8.739600000000001,-33.0,114.68460000000002
6.0,23.0,9.2335,6.0,125.25224999999999
6.0,24.0,4.223,5.0,57.5105
6.0,25.0,4.1758999999999995,9.0,57.274649999999994
6.0,26.0,3.0665,16.0,42.99775
6.0,27.0,4.374,-12.0,57.84899999999999
6.0,28.0,4.1486,-16.0,54.4061
6.0,29.0,2.0025,-2.0,26.83375
6.0,30.0,4.281899999999999,-32.0,54.60564999999999
6.0,31.0,3.3788,-15.0,44.1138
6.0,32.0,1.8625999999999998,12.0,26.345099999999995
6.0,33.0,7.337,13.0,100.34949999999999
6.0,34.0,5.0853,-29.0,65.75155
6.0,35.0,5.635,-14.0,74.67249999999999
6.0,36.0,3.8975999999999997,-17.0,50.91759999999999
6.0,37.0,7.7922,-14.0,103.79469999999999
6.0,38.0,7.8985,-2.0,106.42975
6.0,39.0,6.7741999999999996,-16.0,89.8517
7.0,0.0,5.7923,-28.0,75.39605
7.0,1.0,5.1609,-62.0,63.47215
7.0,2.0,4.3033,-58.0,52.29455
7.0,3.0,8.093399999999999,-27.0,106.56089999999999
7.0,4.0,7.3449,-10.0,98.15615
7.0,5.0,2.3327,-42.0,27.29145
7.0,6.0,5.340199999999999,-22.0,69.89269999999999
7.0,8.0,7.174600000000001,-18.0,95.05710000000002
7.0,9.0,6.6113,-53.0,83.95255
7.0,10.0,8.0188,-53.0,102.95380000000002
7.0,11.0,6.884600000000001,-38.0,89.14210000000001
7.0,12.0,6.8645,-41.0,88.57075
7.0,13.0,7.8678,-38.0,102.4153
7.0,14.0,8.3836,-46.0,108.5786
7.0,15.0,9.803799999999999,-30.0,129.35129999999998
7.0,16.0,9.078899999999999,-29.0,119.66514999999998
7.0,17.0,3.0828,-52.0,36.4178
7.0,18.0,2.0841999999999996,-52.0,22.936699999999995
7.0,19.0,7.5296,-36.0,98.04960000000001
7.0,20.0,7.9414,-5.0,106.7089
7.0,21.0,5.6807,-53.0,71.38945
7.0,22.0,8.7165,-55.0,112.17275
7.0,23.0,10.0879,-16.0,134.58665
7.0,24.0,7.1629,-17.0,94.99914999999999
7.0,25.0,7.3968,-13.0,98.5568
7.0,26.0,6.1849,-6.0,82.89615
7.0,27.0,3.6746,-34.0,46.2071
7.0,28.0,6.4643999999999995,-38.0,83.4694
7.0,29.0,5.8804,-24.0,76.9854
7.0,30.0,3.0051,-54.0,35.168850000000006
7.0,31.0,3.7205,-37.0,46.52674999999999
7.0,32.0,6.0568,-10.0,80.7668
7.0,33.0,2.3016,-9.0,30.1716
7.0,34.0,4.7808,-51.0,59.4408
7.0,35.0,6.1246,-36.0,79.08210000000001
7.0,36.0,2.9069000000000003,-39.0,35.34315
7.0,37.0,6.0133,-36.0,77.57955000000001
7.0,38.0,5.881,-24.0,76.9935
7.0,39.0,4.2953,-38.0,54.186550000000004
8.0,0.0,1.5297,-10.0,19.65095
8.0,1.0,6.392600000000001,-44.0,81.90010000000001
8.0,2.0,6.7923,-40.0,87.69605
8.0,3.0,4.6108,-9.0,61.345800000000004
8.0,4.0,3.6439,8.0,49.99265
8.0,5.0,5.7519,-24.0,75.25065
8.0,6.0,3.2904,-4.0,44.0204
8.0,7.0,7.769100000000001,18.0,106.68285
8.0,9.0,7.8761,-35.0,102.82735
8.0,10.0,9.1084,-35.0,119.4634
8.0,11.0,10.2365,-20.0,136.19275
8.0,12.0,10.0317,-23.0,133.12795
8.0,13.0,10.5725,-20.0,140.72875
8.0,14.0,11.7356,-28.0,155.6306
8.0,15.0,6.8774,-12.0,91.64489999999999
8.0,16.0,6.177,-11.0,82.2895
8.0,17.0,7.085100000000001,-34.0,92.24885
8.0,18.0,5.7783,-34.0,74.60704999999999
8.0,19.0,7.235399999999999,-18.0,95.8779
8.0,20.0,5.8505,13.0,80.28175
8.0,21.0,7.8572,-35.0,102.5722
8.0,22.0,10.0969,-37.0,132.60815
8.0,23.0,10.651200000000001,2.0,143.9912
8.0,24.0,1.6309,1.0,22.117150000000002
8.0,25.0,4.885,5.0,66.44749999999999
8.0,26.0,4.3713999999999995,12.0,60.213899999999995
8.0,27.0,5.8213,-16.0,76.98755
8.0,28.0,5.5958000000000006,-20.0,73.5433
8.0,29.0,1.5404,-6.0,20.1954
8.0,30.0,4.5889,-36.0,58.35014999999999
8.0,31.0,3.8706,-19.0,50.353100000000005
8.0,32.0,2.781,8.0,38.3435
8.0,33.0,7.8288,9.0,106.5888
8.0,34.0,4.7841000000000005,-33.0,61.28535000000001
8.0,35.0,5.3338,-18.0,70.2063
8.0,36.0,5.690300000000001,-21.0,74.71905000000001
8.0,37.0,8.0767,-18.0,107.23545000000001
8.0,38.0,9.345799999999999,-6.0,125.5683
8.0,39.0,8.6134,-20.0,114.2809
9.0,0.0,7.698,25.0,106.423
9.0,1.0,2.1478,-9.0,28.0953
9.0,2.0,9.1961,-5.0,123.64734999999999
9.0,3.0,7.1061000000000005,26.0,98.53235000000001
9.0,4.0,6.6646,43.0,94.2721
9.0,5.0,4.982600000000001,11.0,68.3651
9.0,6.0,6.2482,31.0,87.4507
9.0,7.0,5.883100000000001,53.0,84.72185
9.0,8.0,7.9051,35.0,110.21885
9.0,10.0,3.2759,0.0,44.22465
9.0,11.0,11.777299999999999,15.0,160.49354999999997
9.0,12.0,11.757299999999999,12.0,159.92354999999998
9.0,13.0,12.7606,15.0,173.7681
9.0,14.0,13.276399999999999,7.0,179.93139999999997
9.0,15.0,8.1486,23.0,112.3061
9.0,16.0,6.7908,24.0,94.0758
9.0,17.0,7.7255,1.0,104.39425
9.0,18.0,6.6004,1.0,89.20539999999998
9.0,19.0,3.9454000000000002,17.0,54.962900000000005
9.0,20.0,5.1567,48.0,74.41544999999999
9.0,21.0,1.8785999999999998,0.0,25.361099999999997
9.0,22.0,2.4781,-2.0,33.254349999999995
9.0,23.0,3.9726999999999997,37.0,57.33145
9.0,24.0,8.763399999999999,36.0,121.90589999999997
9.0,25.0,6.0965,40.0,86.30275
9.0,26.0,5.1096,47.0,73.67960000000001
9.0,27.0,3.8726,19.0,54.180099999999996
9.0,28.0,3.4911999999999996,15.0,48.63119999999999
9.0,29.0,6.6006,29.0,92.00810000000001
9.0,30.0,6.7055,-1.0,90.42425
9.0,31.0,6.1028,16.0,83.9878
9.0,32.0,5.476100000000001,43.0,78.22735
9.0,33.0,7.2601,44.0,102.41135000000001
9.0,34.0,8.4813,2.0,114.69754999999999
9.0,35.0,9.459200000000001,17.0,129.3992
9.0,36.0,4.2008,14.0,58.1108
9.0,37.0,10.9061,17.0,148.93234999999999
9.0,38.0,2.6759,29.0,39.02465
9.0,39.0,4.7393,15.0,65.48055
10.0,0.0,8.7096,25.0,120.0796
10.0,1.0,3.3034,-9.0,43.6959
10.0,2.0,10.7559,-5.0,144.70465000000002
10.0,3.0,6.4191,26.0,89.25784999999999
10.0,4.0,6.1722,43.0,87.6247
10.0,5.0,6.753100000000001,11.0,92.26685
10.0,6.0,7.2599,31.0,101.10865
10.0,7.0,7.6536,53.0,108.6236
10.0,8.0,9.0818,35.0,126.1043
10.0,9.0,3.0057,0.0,40.576950000000004
10.0,11.0,13.547799999999999,15.0,184.3953
10.0,12.0,13.5278,12.0,183.82529999999997
10.0,13.0,14.5311,15.0,197.66985
10.0,14.0,15.046899999999999,7.0,203.83315
10.0,15.0,6.0804,23.0,84.3854
10.0,16.0,5.3553999999999995,24.0,74.6979
10.0,17.0,9.496,1.0,128.296
10.0,18.0,8.370899999999999,1.0,113.10714999999998
10.0,19.0,2.5768,17.0,36.4868
10.0,20.0,3.7415,48.0,55.310249999999996
10.0,21.0,3.7843,0.0,51.08805
10.0,22.0,2.2745,-2.0,30.505750000000003
10.0,23.0,3.7691,37.0,54.58285
10.0,24.0,9.775,36.0,135.5625
10.0,25.0,4.8533,40.0,69.51955
10.0,26.0,5.0603,47.0,73.01405
10.0,27.0,5.2638,19.0,72.96130000000001
10.0,28.0,4.6468,15.0,64.23179999999999
10.0,29.0,7.7257,29.0,107.19695
10.0,30.0,7.9906999999999995,-1.0,107.77445
10.0,31.0,7.0876,16.0,97.2826
10.0,32.0,6.4437,43.0,91.28994999999999
10.0,33.0,9.0306,44.0,126.3131
10.0,34.0,9.7665,2.0,132.04775
10.0,35.0,10.444,17.0,142.694
10.0,36.0,5.1856,14.0,71.4056
10.0,37.0,12.6766,17.0,172.8341
10.0,38.0,4.861,29.0,68.5235
10.0,39.0,6.5098,15.0,89.3823
11.0,0.0,8.1382,10.0,110.86569999999999
11.0,1.0,10.429,-24.0,138.3915
11.0,2.0,3.4589000000000003,-20.0,44.695150000000005
11.0,3.0,11.851700000000001,11.0,161.09795
11.0,4.0,10.8847,28.0,149.74345000000002
11.0,5.0,7.3713999999999995,-4.0,99.11389999999999
11.0,6.0,9.8132,16.0,134.0782
11.0,7.0,6.8454,38.0,96.21289999999999
11.0,8.0,9.5205,20.0,130.52675
11.0,9.0,11.6965,-15.0,156.40275
11.0,10.0,13.2869,-15.0,177.87314999999998
11.0,12.0,1.1399000000000001,-3.0,15.088650000000001
11.0,13.0,2.3394,0.0,31.581899999999997
11.0,14.0,2.398,-8.0,31.573000000000004
11.0,15.0,14.2769,8.0,193.53815
11.0,16.0,13.5519,9.0,183.85065
11.0,17.0,4.2752,-14.0,56.3152
11.0,18.0,5.5578,-14.0,73.6303
11.0,19.0,12.7977,2.0,172.96895
11.0,20.0,12.414399999999999,33.0,170.8944
11.0,21.0,11.1229,-15.0,148.65914999999998
11.0,22.0,14.477799999999998,-17.0,193.75029999999998
11.0,23.0,15.356,22.0,209.506
11.0,24.0,9.2814,21.0,127.39889999999998
11.0,25.0,11.8698,25.0,162.7423
11.0,26.0,10.6579,32.0,147.08165
11.0,27.0,8.713299999999998,4.0,118.02954999999999
11.0,28.0,11.8408,0.0,159.8508
11.0,29.0,8.8102,14.0,120.33770000000001
11.0,30.0,5.488300000000001,-16.0,72.49205000000002
11.0,31.0,6.26,1.0,84.60999999999999
11.0,32.0,9.8585,28.0,135.88975
11.0,33.0,6.389399999999999,29.0,89.1569
11.0,34.0,5.3789,-13.0,71.31515
11.0,35.0,5.2802,2.0,71.4827
11.0,36.0,7.9455,-1.0,107.16425000000001
11.0,37.0,3.5336,2.0,47.9036
11.0,38.0,11.210799999999999,14.0,152.7458
11.0,39.0,10.2766,0.0,138.7341
12.0,0.0,8.690700000000001,13.0,118.62445000000001
12.0,1.0,10.7915,-21.0,143.58525
12.0,2.0,4.1762,-17.0,54.67869999999999
12.0,3.0,12.4041,14.0,168.85535000000002
12.0,4.0,11.4372,31.0,157.50220000000002
12.0,5.0,7.734,-1.0,104.30900000000001
12.0,6.0,10.3657,19.0,141.83695
12.0,7.0,7.208,41.0,101.408
12.0,8.0,10.073,23.0,138.2855
12.0,9.0,12.0591,-12.0,161.59785000000002
12.0,10.0,13.6495,-12.0,183.06825
12.0,11.0,1.0466,3.0,14.4291
12.0,13.0,1.4952,3.0,20.485200000000003
12.0,14.0,2.1567,-5.0,28.61545
12.0,15.0,14.8293,11.0,201.29555
12.0,16.0,14.1044,12.0,191.6094
12.0,17.0,4.6378,-11.0,61.5103
12.0,18.0,5.9204,-11.0,78.8254
12.0,19.0,13.160200000000001,5.0,178.16270000000003
12.0,20.0,12.966899999999999,36.0,178.65314999999998
12.0,21.0,11.4855,-12.0,153.85425
12.0,22.0,14.840399999999999,-14.0,198.94539999999998
12.0,23.0,15.7186,25.0,214.7011
12.0,24.0,9.8339,24.0,135.15765000000002
12.0,25.0,12.4223,28.0,170.50105000000002
12.0,26.0,11.2104,35.0,154.8404
12.0,27.0,9.075899999999999,7.0,123.22464999999998
12.0,28.0,12.3933,3.0,167.60955
12.0,29.0,9.3627,17.0,128.09645
12.0,30.0,6.0408,-13.0,80.2508
12.0,31.0,6.8125,4.0,92.36875
12.0,32.0,10.411,31.0,143.64849999999998
12.0,33.0,6.752,32.0,94.352
12.0,34.0,5.9314,-10.0,79.0739
12.0,35.0,5.075,5.0,69.0125
12.0,36.0,8.3081,2.0,112.35934999999999
12.0,37.0,2.993,5.0,40.905499999999996
12.0,38.0,11.5734,17.0,157.94089999999997
12.0,39.0,10.639100000000001,3.0,143.92785000000003
13.0,0.0,8.7286,10.0,118.8361
13.0,1.0,11.841,-24.0,157.4535
13.0,2.0,5.2257,-20.0,68.54695
13.0,3.0,13.4536,11.0,182.7236
13.0,4.0,12.4867,28.0,171.37045000000003
13.0,5.0,8.7835,-4.0,118.17725
13.0,6.0,11.4152,16.0,155.7052
13.0,7.0,8.2575,38.0,115.27625
13.0,8.0,10.1108,20.0,138.4958
13.0,9.0,13.108600000000001,-15.0,175.4661
13.0,10.0,14.699,-15.0,196.9365
13.0,11.0,2.1005,0.0,28.356749999999998
13.0,12.0,1.4714,-3.0,19.5639
13.0,14.0,1.9521,-8.0,25.55335
13.0,15.0,15.8788,8.0,215.1638
13.0,16.0,15.1539,9.0,205.47765
13.0,17.0,5.6873000000000005,-14.0,75.37855
13.0,18.0,6.9699,-14.0,92.69364999999999
13.0,19.0,14.209700000000002,2.0,192.03095000000002
13.0,20.0,14.016399999999999,33.0,192.5214
13.0,21.0,12.535,-15.0,167.7225
13.0,22.0,15.889899999999999,-17.0,212.81365
13.0,23.0,16.768099999999997,22.0,228.56934999999996
13.0,24.0,9.7778,21.0,134.10029999999998
13.0,25.0,13.4718,25.0,184.3693
13.0,26.0,12.2599,32.0,168.70864999999998
13.0,27.0,10.125399999999999,4.0,137.0929
13.0,28.0,13.4428,0.0,181.4778
13.0,29.0,10.4122,14.0,141.96470000000002
13.0,30.0,7.0903,-16.0,94.11905
13.0,31.0,7.862,1.0,106.237
13.0,32.0,10.791,28.0,148.47850000000003
13.0,33.0,7.8015,29.0,108.22025000000001
13.0,34.0,6.980899999999999,-13.0,92.94215
13.0,35.0,5.2972,2.0,71.71220000000001
13.0,36.0,9.3576,-1.0,126.2276
13.0,37.0,3.2153,2.0,43.606550000000006
13.0,38.0,12.6229,14.0,171.80915
13.0,39.0,11.688600000000001,0.0,157.79610000000002
14.0,0.0,10.097100000000001,18.0,138.11085000000003
14.0,1.0,12.4135,-16.0,165.98225000000002
14.0,2.0,5.4177,-12.0,71.93894999999999
14.0,3.0,13.8105,19.0,188.34175
14.0,4.0,12.8435,36.0,176.98725
14.0,5.0,9.3559,4.0,126.70465
14.0,6.0,11.772,24.0,161.322
14.0,7.0,8.83,46.0,123.80499999999999
14.0,8.0,11.479299999999999,28.0,157.77055
14.0,9.0,13.6811,-7.0,183.99485
14.0,10.0,15.2714,-7.0,205.46390000000002
14.0,11.0,2.1862,8.0,30.3137
14.0,12.0,2.485,5.0,34.0475
14.0,13.0,2.662,8.0,36.736999999999995
14.0,15.0,16.2357,16.0,220.78195000000002
14.0,16.0,15.5107,17.0,211.09445
14.0,17.0,6.2597,-6.0,83.90595
14.0,18.0,7.5424,-6.0,101.22240000000001
14.0,19.0,14.782200000000001,10.0,200.55970000000002
14.0,20.0,14.373299999999999,41.0,198.13954999999999
14.0,21.0,13.1074,-7.0,176.24990000000003
14.0,22.0,16.462400000000002,-9.0,221.34240000000003
14.0,23.0,17.3405,30.0,237.09675
14.0,24.0,11.240200000000002,29.0,154.64270000000002
14.0,25.0,13.828700000000001,33.0,189.98745000000002
14.0,26.0,12.6168,40.0,174.3268
14.0,27.0,10.697899999999999,12.0,145.62164999999996
14.0,28.0,13.799700000000001,8.0,187.09595000000002
14.0,29.0,10.769,22.0,147.58149999999998
14.0,30.0,7.4472,-8.0,99.7372
14.0,31.0,8.2189,9.0,111.85515
14.0,32.0,11.8173,36.0,163.13354999999999
14.0,33.0,8.373899999999999,37.0,116.74765
14.0,34.0,7.3377,-5.0,98.55895
14.0,35.0,6.9212,10.0,94.4362
14.0,36.0,9.9301,7.0,134.75634999999997
14.0,37.0,4.8392,10.0,66.3292
14.0,38.0,22.533099999999997,22.0,306.39685
14.0,39.0,12.2611,8.0,166.32485000000003
15.0,0.0,7.9463,2.0,107.47505
15.0,1.0,5.816,-32.0,75.31599999999999
15.0,2.0,12.4435,-28.0,165.18725
15.0,3.0,2.8697,3.0,39.040949999999995
15.0,4.0,4.0136,20.0,56.183600000000006
15.0,5.0,8.2099,-12.0,109.63364999999999
15.0,6.0,6.5114,8.0,88.7039
15.0,7.0,10.2755,30.0,141.71925
15.0,8.0,6.9948999999999995,12.0,95.63114999999999
15.0,9.0,6.948600000000001,-23.0,91.50610000000002
15.0,10.0,6.507,-23.0,85.5445
15.0,11.0,14.2394,-8.0,191.43189999999998
15.0,12.0,14.2194,-11.0,190.86190000000002
15.0,13.0,15.638,-8.0,210.313
15.0,14.0,15.7385,-16.0,210.86975
15.0,16.0,1.4862,1.0,20.163700000000002
15.0,17.0,10.959700000000002,-22.0,145.75595000000004
15.0,18.0,9.652899999999999,-22.0,128.11415
15.0,19.0,4.6341,-6.0,61.96035
15.0,20.0,2.946,25.0,42.271
15.0,21.0,7.280600000000001,-23.0,95.98810000000002
15.0,22.0,6.7113000000000005,-25.0,88.10255000000001
15.0,23.0,7.0693,14.0,96.83555000000001
15.0,24.0,8.757100000000001,13.0,119.52085000000001
15.0,25.0,2.4523,17.0,34.806050000000006
15.0,26.0,4.0659,24.0,57.28965
15.0,27.0,7.3279,-4.0,98.52664999999999
15.0,28.0,5.8,-8.0,77.5
15.0,29.0,6.7254,6.0,91.39289999999998
15.0,30.0,8.648399999999999,-24.0,114.35339999999998
15.0,31.0,7.7452,-7.0,103.86019999999999
15.0,32.0,5.4348,20.0,75.3698
15.0,33.0,11.4182,21.0,156.2457
15.0,34.0,10.4352,-21.0,138.7752
15.0,35.0,10.9849,-6.0,147.69615
15.0,36.0,6.8515,-9.0,91.59525
15.0,37.0,13.1422,-6.0,176.8197
15.0,38.0,8.804,6.0,119.454
15.0,39.0,9.908700000000001,-8.0,132.96745
16.0,0.0,7.0081999999999995,1.0,94.71069999999999
16.0,1.0,5.3004,-33.0,68.2554
16.0,2.0,10.693700000000002,-29.0,141.46495000000002
16.0,3.0,2.0028,2.0,27.2378
16.0,4.0,3.2938,19.0,46.3663
16.0,5.0,7.49,-13.0,99.81500000000001
16.0,6.0,5.791600000000001,7.0,78.88660000000002
16.0,7.0,9.5556,29.0,131.9006
16.0,8.0,6.3983,11.0,87.47704999999999
16.0,9.0,6.5779,-24.0,86.40164999999999
16.0,10.0,6.1363,-24.0,80.44005
16.0,11.0,13.5196,-9.0,181.6146
16.0,12.0,13.4995,-12.0,181.04325
16.0,13.0,14.502799999999999,-9.0,194.88779999999997
16.0,14.0,15.018600000000001,-17.0,201.05110000000002
16.0,15.0,1.2931,-1.0,17.356849999999998
16.0,17.0,10.2399,-23.0,135.93865
16.0,18.0,8.9331,-23.0,118.29684999999999
16.0,19.0,4.2634,-7.0,56.8559
16.0,20.0,2.5570999999999997,24.0,36.920849999999994
16.0,21.0,6.765,-24.0,88.9275
16.0,22.0,6.9691,-26.0,91.48285000000001
16.0,23.0,7.327100000000001,13.0,100.21585
16.0,24.0,7.7837,12.0,106.27995
16.0,25.0,1.7324000000000002,16.0,24.987400000000004
16.0,26.0,3.346,23.0,47.471
16.0,27.0,6.608,-5.0,88.708
16.0,28.0,5.2844,-9.0,70.43939999999999
16.0,29.0,5.752,5.0,78.152
16.0,30.0,7.9285,-25.0,104.53475
16.0,31.0,7.025399999999999,-8.0,94.04289999999999
16.0,32.0,4.715,19.0,65.5525
16.0,33.0,10.6984,20.0,146.42839999999998
16.0,34.0,9.1691,-22.0,121.58285
16.0,35.0,9.7188,-7.0,130.5038
16.0,36.0,6.131600000000001,-10.0,81.7766
16.0,37.0,11.876,-7.0,159.626
16.0,38.0,8.4333,5.0,114.34955
16.0,39.0,9.3932,-9.0,125.9082
17.0,0.0,5.8292,24.0,81.0942
17.0,1.0,6.4548000000000005,-10.0,86.13980000000001
17.0,2.0,2.3185,-6.0,30.699749999999995
17.0,3.0,8.743,25.0,120.5305
17.0,4.0,7.9945,42.0,112.12575000000001
17.0,5.0,3.3971999999999998,10.0,46.862199999999994
17.0,6.0,5.9898,30.0,83.86229999999999
17.0,7.0,2.6554,52.0,41.047900000000006
17.0,8.0,7.2115,34.0,100.75525
17.0,9.0,7.722300000000001,-1.0,104.15105000000001
17.0,10.0,9.312700000000001,-1.0,125.62145000000002
17.0,11.0,4.8997,14.0,67.54595
17.0,12.0,4.8797,11.0,66.97594999999998
17.0,13.0,5.883,14.0,80.82050000000001
17.0,14.0,6.3988000000000005,6.0,86.9838
17.0,15.0,10.4535,22.0,143.32225
17.0,16.0,9.7285,23.0,133.63475000000003
17.0,18.0,1.5836,0.0,21.3786
17.0,19.0,8.8235,16.0,120.71724999999998
17.0,20.0,8.591,47.0,120.6785
17.0,21.0,7.1487,-1.0,96.40745
17.0,22.0,10.4787,-3.0,141.16244999999998
17.0,23.0,11.3818,36.0,157.2543
17.0,24.0,7.1998,35.0,100.6973
17.0,25.0,8.0464,39.0,112.52640000000001
17.0,26.0,6.8346,46.0,96.8671
17.0,27.0,4.7391000000000005,18.0,65.77785
17.0,28.0,8.0174,14.0,109.63490000000002
17.0,29.0,5.9174,28.0,82.6849
17.0,30.0,2.9501,-2.0,39.626349999999995
17.0,31.0,3.3672,15.0,46.9572
17.0,32.0,6.7063999999999995,42.0,94.73639999999999
17.0,33.0,2.1142,43.0,32.841699999999996
17.0,34.0,3.64,1.0,49.24
17.0,35.0,4.1398,16.0,57.487300000000005
17.0,36.0,3.9713000000000003,13.0,54.91255
17.0,37.0,4.0285,16.0,55.984750000000005
17.0,38.0,6.9356,28.0,96.4306
17.0,39.0,6.001399999999999,14.0,82.4189
18.0,0.0,4.6817,24.0,65.60295
18.0,1.0,5.0854,-10.0,67.6529
18.0,2.0,3.1035999999999997,-6.0,41.29859999999999
18.0,3.0,7.5043999999999995,25.0,103.8094
18.0,4.0,6.7559,42.0,95.40465
18.0,5.0,2.0278,10.0,28.3753
18.0,6.0,4.7512,30.0,67.1412
18.0,7.0,1.9008,52.0,30.8608
18.0,8.0,6.063899999999999,34.0,85.26265
18.0,9.0,6.353,-1.0,85.66550000000001
18.0,10.0,7.9433,-1.0,107.13455
18.0,11.0,5.6848,14.0,78.1448
18.0,12.0,5.6648000000000005,11.0,77.5748
18.0,13.0,6.668100000000001,14.0,91.41935000000002
18.0,14.0,7.1838999999999995,6.0,97.58264999999999
18.0,15.0,9.214799999999999,22.0,126.59979999999999
18.0,16.0,8.489799999999999,23.0,116.91229999999999
18.0,17.0,1.6329,0.0,22.044150000000002
18.0,19.0,7.4541,16.0,102.23035
18.0,20.0,7.352399999999999,47.0,103.95739999999999
18.0,21.0,5.7793,-1.0,77.92055
18.0,22.0,9.1342,-3.0,123.0117
18.0,23.0,10.0124,36.0,138.76739999999998
18.0,24.0,6.0522,35.0,85.2047
18.0,25.0,6.8078,39.0,95.80530000000002
18.0,26.0,5.595899999999999,46.0,80.14464999999998
18.0,27.0,3.3697,18.0,47.290949999999995
18.0,28.0,6.3889,14.0,87.65015
18.0,29.0,4.7698,28.0,67.1923
18.0,30.0,1.8025,-2.0,24.13375
18.0,31.0,2.2196,15.0,31.464599999999997
18.0,32.0,5.4678,42.0,78.01530000000001
18.0,33.0,2.3043,43.0,35.408049999999996
18.0,34.0,3.2013000000000003,1.0,43.317550000000004
18.0,35.0,4.4613000000000005,16.0,61.82755000000001
18.0,36.0,2.6019,13.0,36.42565
18.0,37.0,4.8136,16.0,66.58359999999999
18.0,38.0,7.1258,28.0,98.9983
18.0,39.0,5.525,14.0,75.98750000000001
19.0,0.0,7.304399999999999,8.0,99.40939999999999
19.0,1.0,3.3916,-26.0,43.1866
19.0,2.0,10.844100000000001,-22.0,144.19535000000002
19.0,3.0,4.8525,9.0,66.40875000000001
19.0,4.0,4.605600000000001,26.0,64.77560000000001
19.0,5.0,6.8413,-6.0,91.75755000000001
19.0,6.0,5.9536999999999995,14.0,81.77495
19.0,7.0,7.7418000000000005,36.0,108.1143
19.0,8.0,7.5152,18.0,103.2552
19.0,9.0,3.0938000000000003,-17.0,40.0663
19.0,10.0,2.4032,-17.0,30.743199999999998
19.0,11.0,13.636,-2.0,183.886
19.0,12.0,13.616,-5.0,183.316
19.0,13.0,14.619299999999999,-2.0,197.16055
19.0,14.0,15.1351,-10.0,203.32385
19.0,15.0,4.5138,6.0,61.5363
19.0,16.0,3.7888,7.0,51.848800000000004
19.0,17.0,9.584200000000001,-16.0,127.78670000000002
19.0,18.0,8.459100000000001,-16.0,112.59785000000002
19.0,20.0,2.1749,31.0,32.46115
19.0,21.0,3.8725,-17.0,50.57875
19.0,22.0,3.3918000000000004,-19.0,43.889300000000006
19.0,23.0,3.9461,20.0,55.272349999999996
19.0,24.0,8.3699,19.0,114.89365
19.0,25.0,3.2866999999999997,23.0,46.670449999999995
19.0,26.0,3.4937,30.0,50.16495
19.0,27.0,5.352,2.0,72.45200000000001
19.0,28.0,4.735,-2.0,63.722500000000004
19.0,29.0,6.1591000000000005,12.0,84.34785000000001
19.0,30.0,8.078899999999999,-18.0,107.26514999999999
19.0,31.0,7.175800000000001,-1.0,96.77330000000002
19.0,32.0,4.8772,26.0,68.4422
19.0,33.0,9.118799999999998,27.0,125.80379999999998
19.0,34.0,9.331299999999999,-15.0,124.47254999999998
19.0,35.0,9.8809,0.0,133.39215000000002
19.0,36.0,5.2738000000000005,-3.0,70.89630000000001
19.0,37.0,12.038200000000002,0.0,162.5157
19.0,38.0,4.949199999999999,12.0,68.01419999999999
19.0,39.0,6.598,-2.0,88.87299999999999
20.0,0.0,6.2741999999999996,-23.0,82.40169999999999
20.0,1.0,3.8731999999999998,-57.0,46.58819999999999
20.0,2.0,9.825700000000001,-53.0,127.34695
20.0,3.0,3.6505,-22.0,47.08175
20.0,4.0,3.4874,-5.0,46.5799
20.0,5.0,6.6821,-37.0,86.50835
20.0,6.0,4.9235,-17.0,64.76724999999999
20.0,7.0,8.7179,5.0,118.19165000000001
20.0,8.0,6.3969,-13.0,85.05815
20.0,9.0,4.0699000000000005,-48.0,50.14365000000001
20.0,10.0,3.5437,-48.0,43.03994999999999
20.0,11.0,12.6515,-33.0,167.49525
20.0,12.0,12.6315,-36.0,166.92525
20.0,13.0,13.634799999999998,-33.0,180.76979999999998
20.0,14.0,14.1506,-41.0,186.93310000000002
20.0,15.0,2.9932,-25.0,37.9082
20.0,16.0,2.2681999999999998,-24.0,28.220699999999994
20.0,17.0,9.459700000000002,-47.0,123.00595000000001
20.0,18.0,8.065,-47.0,104.1775
20.0,19.0,1.7552999999999999,-31.0,20.596549999999997
20.0,21.0,4.8486,-48.0,60.65610000000001
20.0,22.0,4.5323,-50.0,56.18605
20.0,23.0,5.086600000000001,-11.0,67.56910000000002
20.0,24.0,7.3397,-12.0,97.88595
20.0,25.0,2.2425,-8.0,29.473750000000003
20.0,26.0,2.4635,-1.0,33.15725
20.0,27.0,6.328,-29.0,82.52799999999999
20.0,28.0,3.8571999999999997,-33.0,48.7722
20.0,29.0,5.1289,-19.0,67.34015
20.0,30.0,7.0605,-49.0,90.41675
20.0,31.0,6.1573,-32.0,79.92355
20.0,32.0,3.847,-5.0,51.4345
20.0,33.0,10.094899999999999,-4.0,135.88115
20.0,34.0,8.3011,-46.0,107.46485
20.0,35.0,8.8508,-31.0,116.3858
20.0,36.0,5.3237,-34.0,68.46994999999998
20.0,37.0,11.008,-31.0,145.50799999999998
20.0,38.0,5.9253,-19.0,78.09155
20.0,39.0,7.574,-33.0,98.949
21.0,0.0,7.2719,25.0,100.67065
21.0,1.0,1.801,-9.0,23.4135
21.0,2.0,8.2364,-5.0,110.6914
21.0,3.0,6.7593000000000005,26.0,93.85055
21.0,4.0,6.3178,43.0,89.5903
21.0,5.0,4.0229,11.0,55.409150000000004
21.0,6.0,5.822100000000001,31.0,81.69835
21.0,7.0,4.9234,53.0,71.7659
21.0,8.0,7.479,35.0,104.4665
21.0,9.0,1.5448,0.0,20.8548
21.0,10.0,4.1837,0.0,56.47995
21.0,11.0,10.8176,15.0,147.5376
21.0,12.0,10.797600000000001,12.0,146.9676
21.0,13.0,11.8009,15.0,160.81215
21.0,14.0,12.3167,7.0,166.97545
21.0,15.0,7.2648,23.0,100.3748
21.0,16.0,6.539899999999999,24.0,90.68865
21.0,17.0,6.7658000000000005,1.0,91.4383
21.0,18.0,5.6407,1.0,76.24945
21.0,19.0,3.6945,17.0,51.575750000000006
21.0,20.0,4.9058,48.0,71.0283
21.0,22.0,3.719,-2.0,50.006499999999996
21.0,23.0,5.2136000000000005,37.0,74.0836
21.0,24.0,8.337299999999999,36.0,116.15354999999998
21.0,25.0,5.7498000000000005,40.0,81.62230000000001
21.0,26.0,4.762899999999999,47.0,68.99914999999999
21.0,27.0,2.9129,19.0,41.22415
21.0,28.0,3.1444,15.0,43.949400000000004
21.0,29.0,6.1745,29.0,86.25575
21.0,30.0,5.7458,-1.0,77.4683
21.0,31.0,5.678100000000001,16.0,78.25435
21.0,32.0,5.0499,43.0,72.47364999999999
21.0,33.0,6.3004,44.0,89.4554
21.0,34.0,7.5216,2.0,101.7416
21.0,35.0,8.9355,17.0,122.32924999999999
21.0,36.0,3.5476,14.0,49.2926
21.0,37.0,9.946399999999999,17.0,135.97639999999998
21.0,38.0,1.7463,29.0,26.475050000000003
21.0,39.0,3.7912,15.0,52.6812
22.0,0.0,12.795200000000001,27.0,175.4352
22.0,1.0,4.993,-7.0,66.7055
22.0,2.0,12.065299999999999,-3.0,162.58154999999996
22.0,3.0,7.7185,28.0,106.99974999999999
22.0,4.0,7.7563,45.0,109.21005000000001
22.0,5.0,7.8518,13.0,107.2993
22.0,6.0,9.1044,33.0,126.2094
22.0,7.0,8.7523,55.0,123.65605
22.0,8.0,11.8438,37.0,163.5913
22.0,9.0,3.4175,2.0,46.33625
22.0,10.0,3.0595,2.0,41.50325
22.0,11.0,14.6465,17.0,199.42774999999997
22.0,12.0,14.6265,14.0,198.85775
22.0,13.0,15.629700000000001,17.0,212.70095
22.0,14.0,16.1456,9.0,218.86560000000003
22.0,15.0,5.6705,25.0,79.05175
22.0,16.0,6.7715,26.0,94.01525
22.0,17.0,10.5946,3.0,143.3271
22.0,18.0,9.4696,3.0,128.1396
22.0,19.0,4.1609,19.0,58.07214999999999
22.0,20.0,5.3256000000000006,50.0,76.8956
22.0,21.0,4.3535,2.0,58.97225000000001
22.0,23.0,2.0635,39.0,31.75725
22.0,24.0,13.6059,38.0,187.47965000000002
22.0,25.0,6.5622,42.0,92.7897
22.0,26.0,6.644399999999999,49.0,94.59939999999999
22.0,27.0,6.7418000000000005,21.0,93.1143
22.0,28.0,6.336399999999999,17.0,87.2414
22.0,29.0,11.5743,31.0,159.35305
22.0,30.0,9.5747,1.0,129.35845
22.0,31.0,8.7772,18.0,120.29220000000001
22.0,32.0,8.027800000000001,45.0,112.87530000000001
22.0,33.0,9.700899999999999,46.0,135.56214999999997
22.0,34.0,11.3505,4.0,153.63175
22.0,35.0,12.133700000000001,19.0,165.70495000000003
22.0,36.0,6.8751999999999995,16.0,94.41519999999998
22.0,37.0,13.7753,19.0,187.86655
22.0,38.0,4.889399999999999,31.0,69.10689999999998
22.0,39.0,7.1712,17.0,98.5112
23.0,0.0,10.267299999999999,-12.0,137.40855
23.0,1.0,5.2176,-46.0,65.83760000000001
23.0,2.0,12.6701,-42.0,166.84635
23.0,3.0,8.553600000000001,-11.0,114.37360000000002
23.0,4.0,7.5685,6.0,102.77475
23.0,5.0,8.667399999999999,-26.0,114.4099
23.0,6.0,8.9166,-6.0,119.77410000000002
23.0,7.0,9.5679,16.0,130.76665
23.0,8.0,12.6789,-2.0,170.96515000000002
23.0,9.0,4.6878,-37.0,59.5853
23.0,10.0,3.3853,-37.0,42.001549999999995
23.0,11.0,15.4621,-22.0,206.53835
23.0,12.0,15.4421,-25.0,205.96835
23.0,13.0,16.4453,-22.0,219.81155
23.0,14.0,16.9611,-30.0,225.97484999999998
23.0,15.0,6.5056,-14.0,86.4256
23.0,16.0,7.6066,-13.0,101.3891
23.0,17.0,11.410200000000001,-36.0,150.43770000000004
23.0,18.0,10.285200000000001,-36.0,135.25020000000004
23.0,19.0,3.9731,-20.0,51.63685
23.0,20.0,5.1378,11.0,70.4603
23.0,21.0,5.698600000000001,-37.0,73.23110000000001
23.0,22.0,2.2077,-39.0,25.903950000000002
23.0,24.0,14.441,-1.0,194.85350000000003
23.0,25.0,6.2496,3.0,84.6696
23.0,26.0,6.456600000000001,10.0,88.1641
23.0,27.0,7.178,-18.0,95.10300000000001
23.0,28.0,6.561,-22.0,86.37349999999999
23.0,29.0,9.122,-8.0,122.347
23.0,30.0,9.905,-38.0,129.9175
23.0,31.0,9.0018,-21.0,119.4243
23.0,32.0,7.8401000000000005,6.0,106.44135
23.0,33.0,10.9449,7.0,148.45615
23.0,34.0,11.6807,-35.0,154.18945
23.0,35.0,12.3583,-20.0,164.83705
23.0,36.0,7.0998,-23.0,93.5473
23.0,37.0,14.5909,-20.0,194.97715
23.0,38.0,6.159800000000001,-8.0,82.35730000000001
23.0,39.0,8.424100000000001,-22.0,111.52535000000002
24.0,0.0,2.0120999999999998,-11.0,26.063349999999996
24.0,1.0,7.614,-45.0,98.289
24.0,2.0,6.8761,-41.0,88.72735
24.0,3.0,5.8309,-10.0,77.71715
24.0,4.0,4.864,7.0,66.364
24.0,5.0,6.4864,-25.0,85.0664
24.0,6.0,4.1652,-5.0,55.730199999999996
24.0,7.0,8.5036,17.0,116.49860000000001
24.0,8.0,1.7082,-1.0,22.9607
24.0,9.0,9.0975,-36.0,119.21625
24.0,10.0,10.3285,-36.0,135.83475
24.0,11.0,10.320200000000002,-21.0,137.22270000000003
24.0,12.0,10.039200000000001,-24.0,133.1292
24.0,13.0,10.58,-21.0,140.73000000000002
24.0,14.0,11.8193,-29.0,156.66055
24.0,15.0,8.0976,-13.0,108.0176
24.0,16.0,7.3972,-12.0,98.6622
24.0,17.0,7.7127,-35.0,100.62145
24.0,18.0,6.4058,-35.0,82.9783
24.0,19.0,8.4556,-19.0,112.2506
24.0,20.0,7.070600000000001,12.0,96.65310000000001
24.0,21.0,9.078700000000001,-36.0,118.96245000000002
24.0,22.0,11.317,-38.0,148.9795
24.0,23.0,11.8713,1.0,160.36255
24.0,25.0,6.1051,4.0,82.81885000000001
24.0,26.0,5.6621999999999995,11.0,77.53969999999998
24.0,27.0,7.227600000000001,-17.0,95.8726
24.0,28.0,6.8173,-21.0,89.93355000000001
24.0,29.0,2.8312,-7.0,37.52119999999999
24.0,30.0,5.1692,-37.0,66.0842
24.0,31.0,4.6051,-20.0,60.168850000000006
24.0,32.0,4.0719,7.0,55.67065000000001
24.0,33.0,8.4564,8.0,114.9614
24.0,34.0,4.8678,-34.0,62.3153
24.0,35.0,5.4175,-19.0,71.23625
24.0,36.0,6.4249,-22.0,84.53614999999999
24.0,37.0,8.0842,-19.0,107.23669999999998
24.0,38.0,10.567200000000001,-7.0,141.95720000000003
24.0,39.0,9.3479,-21.0,124.09665
25.0,0.0,5.6126000000000005,-15.0,74.27010000000001
25.0,1.0,3.8081,-49.0,46.509350000000005
25.0,2.0,9.298,-45.0,121.023
25.0,3.0,2.062,-14.0,26.436999999999998
25.0,4.0,2.2948000000000004,3.0,31.279800000000005
25.0,5.0,6.094399999999999,-29.0,79.37439999999998
25.0,6.0,4.395899999999999,-9.0,58.44464999999999
25.0,7.0,8.16,13.0,111.46
25.0,8.0,5.2044,-5.0,69.7594
25.0,9.0,5.3194,-40.0,67.8119
25.0,10.0,4.7932,-40.0,60.70819999999999
25.0,11.0,12.123899999999999,-25.0,161.17264999999998
25.0,12.0,12.1039,-28.0,160.60264999999998
25.0,13.0,13.1072,-25.0,174.4472
25.0,14.0,13.623,-33.0,180.61049999999997
25.0,15.0,2.3194,-17.0,29.6119
25.0,16.0,1.3340999999999998,-16.0,16.410349999999998
25.0,17.0,8.844299999999999,-39.0,115.49804999999998
25.0,18.0,7.5374,-39.0,97.85489999999999
25.0,19.0,3.0048000000000004,-23.0,38.26480000000001
25.0,20.0,1.2495,8.0,17.66825
25.0,21.0,5.2726999999999995,-40.0,67.18145
25.0,22.0,5.7818000000000005,-42.0,73.85430000000001
25.0,23.0,6.336,-3.0,85.236
25.0,24.0,6.5898,-4.0,88.5623
25.0,26.0,1.9504000000000001,7.0,27.0304
25.0,27.0,5.2124,-21.0,68.2674
25.0,28.0,3.7990999999999997,-25.0,48.78785
25.0,29.0,4.5582,-11.0,60.435700000000004
25.0,30.0,6.5329,-41.0,84.09415
25.0,31.0,5.6297,-24.0,73.60094999999998
25.0,32.0,3.3194,3.0,45.1119
25.0,33.0,9.3028,4.0,125.9878
25.0,34.0,7.7735,-38.0,101.14225
25.0,35.0,8.3231,-23.0,110.06185
25.0,36.0,4.736,-26.0,61.336
25.0,37.0,10.4804,-23.0,139.1854
25.0,38.0,7.1747,-11.0,95.75845
25.0,39.0,7.9009,-25.0,104.16215
26.0,0.0,4.224399999999999,-22.0,54.829399999999985
26.0,1.0,2.9520999999999997,-56.0,34.25335
26.0,2.0,7.7758,-52.0,99.7733
26.0,3.0,2.8281,-21.0,36.07935
26.0,4.0,2.4333,-4.0,32.44955
26.0,5.0,4.5722,-36.0,58.12469999999999
26.0,6.0,2.8737,-16.0,37.19495
26.0,7.0,6.6378,6.0,90.2103
26.0,8.0,4.3325,-12.0,57.28874999999999
26.0,9.0,4.4356,-47.0,55.1806
26.0,10.0,5.1613999999999995,-47.0,64.9789
26.0,11.0,10.601700000000001,-32.0,139.92295000000001
26.0,12.0,10.581700000000001,-35.0,139.35295000000002
26.0,13.0,11.585,-32.0,153.19750000000002
26.0,14.0,12.1008,-40.0,159.36079999999998
26.0,15.0,4.1561,-24.0,53.707350000000005
26.0,16.0,3.4312,-23.0,44.0212
26.0,17.0,7.322,-46.0,94.247
26.0,18.0,6.0152,-46.0,76.60520000000001
26.0,19.0,3.2885,-30.0,41.39475
26.0,20.0,2.2937,1.0,31.06495
26.0,21.0,4.4167,-47.0,54.92544999999999
26.0,22.0,6.1499,-49.0,78.12364999999998
26.0,23.0,6.7042,-10.0,89.5067
26.0,24.0,5.2898000000000005,-11.0,70.31230000000001
26.0,25.0,1.6074000000000002,-7.0,20.999900000000004
26.0,27.0,3.6902,-28.0,47.017700000000005
26.0,28.0,2.7432,-32.0,33.8332
26.0,29.0,3.0791,-18.0,39.76785
26.0,30.0,5.0107,-48.0,62.84445000000001
26.0,31.0,4.1075,-31.0,52.35125
26.0,32.0,1.7972000000000001,-4.0,23.8622
26.0,33.0,7.780600000000001,-3.0,104.73810000000002
26.0,34.0,6.2513000000000005,-45.0,79.89255
26.0,35.0,6.8008999999999995,-30.0,88.81214999999999
26.0,36.0,3.2138,-33.0,40.0863
26.0,37.0,8.958200000000001,-30.0,117.93570000000003
26.0,38.0,5.9053,-18.0,77.92155000000001
26.0,39.0,6.0903,-32.0,79.01905
27.0,0.0,5.2399,6.0,71.33864999999999
27.0,1.0,2.0675,-28.0,25.11125
27.0,2.0,6.9639,-24.0,91.61264999999999
27.0,3.0,6.9859,7.0,95.00965000000001
27.0,4.0,5.492,24.0,76.542
27.0,5.0,2.7505,-8.0,36.33175000000001
27.0,6.0,3.4246999999999996,12.0,47.43345
27.0,7.0,3.651,34.0,52.6885
27.0,8.0,6.0161999999999995,16.0,82.81869999999999
27.0,9.0,3.3350999999999997,-19.0,43.12385
27.0,10.0,4.9254,-19.0,64.59289999999999
27.0,11.0,9.545200000000001,-4.0,128.46020000000001
27.0,12.0,9.5251,-7.0,127.88885
27.0,13.0,10.5284,-4.0,141.7334
27.0,14.0,11.0442,-12.0,147.8967
27.0,15.0,8.0066,4.0,108.48910000000001
27.0,16.0,7.2816,5.0,98.80160000000001
27.0,17.0,5.4933000000000005,-18.0,72.35955000000001
27.0,18.0,4.3682,-18.0,57.170700000000004
27.0,19.0,4.4361999999999995,-2.0,59.68869999999999
27.0,20.0,5.6475,29.0,79.14125
27.0,21.0,2.7614,-19.0,35.3789
27.0,22.0,6.1164,-21.0,80.4714
27.0,23.0,6.9945,18.0,96.22575
27.0,24.0,6.6105,17.0,90.94175
27.0,25.0,5.9764,21.0,82.78139999999999
27.0,26.0,4.3325,28.0,61.28874999999999
27.0,28.0,3.371,-4.0,45.1085
27.0,29.0,4.7116999999999996,10.0,64.60794999999999
27.0,30.0,4.4734,-20.0,58.390899999999995
27.0,31.0,3.1471,-3.0,42.18585
27.0,32.0,4.307600000000001,24.0,60.552600000000005
27.0,33.0,5.028,25.0,70.378
27.0,34.0,6.2491,-17.0,82.66285
27.0,35.0,6.5036000000000005,-2.0,87.5986
27.0,36.0,1.2450999999999999,-5.0,16.30885
27.0,37.0,8.674,-2.0,116.89899999999999
27.0,38.0,4.5579,10.0,62.53165
27.0,39.0,2.5071,-4.0,33.44585
28.0,0.0,4.394,10.0,60.319
28.0,1.0,1.7643,-24.0,21.41805
28.0,2.0,7.8464,-20.0,103.9264
28.0,3.0,4.105,11.0,56.517500000000005
28.0,4.0,3.3565,28.0,48.11275
28.0,5.0,4.401,-4.0,59.0135
28.0,6.0,2.9443,16.0,41.34805
28.0,7.0,5.958699999999999,38.0,84.24244999999999
28.0,8.0,4.601100000000001,20.0,64.11485000000002
28.0,9.0,3.9063000000000003,-15.0,51.23505
28.0,10.0,5.0261000000000005,-15.0,66.35235
28.0,11.0,10.6723,0.0,144.07605
28.0,12.0,10.652299999999999,-3.0,143.50604999999996
28.0,13.0,11.6555,0.0,157.34925
28.0,14.0,12.171299999999999,-8.0,163.51254999999998
28.0,15.0,5.386699999999999,8.0,73.52044999999998
28.0,16.0,4.6617,9.0,63.83295
28.0,17.0,7.1786,-14.0,95.5111
28.0,18.0,5.996899999999999,-14.0,79.55814999999998
28.0,19.0,4.536899999999999,2.0,61.44814999999999
28.0,20.0,3.5076,33.0,50.6526
28.0,21.0,3.2289,-15.0,42.09015
28.0,22.0,6.217,-17.0,82.22949999999999
28.0,23.0,7.0952,22.0,97.9852
28.0,24.0,5.4595,21.0,75.80324999999999
28.0,25.0,3.233,25.0,46.1455
28.0,26.0,2.197,32.0,32.859500000000004
28.0,27.0,2.4738,4.0,33.7963
28.0,29.0,3.2965999999999998,14.0,45.90409999999999
28.0,30.0,5.081300000000001,-16.0,66.99755000000002
28.0,31.0,4.178100000000001,1.0,56.50435000000001
28.0,32.0,2.1721,28.0,32.123349999999995
28.0,33.0,7.3357,29.0,101.93195
28.0,34.0,6.3218000000000005,-13.0,84.0443
28.0,35.0,6.8715,2.0,92.96525000000001
28.0,36.0,2.3956,-1.0,32.2406
28.0,37.0,9.028799999999999,2.0,122.08879999999998
28.0,38.0,4.5796,14.0,63.2246
28.0,39.0,4.8148,0.0,64.9998
29.0,0.0,1.3393,-4.0,17.68055
29.0,1.0,5.0737,-38.0,64.69494999999999
29.0,2.0,5.718100000000001,-34.0,73.79435000000001
29.0,3.0,3.5770999999999997,-3.0,47.99085
29.0,4.0,2.6101,14.0,36.63635
29.0,5.0,4.6776,-18.0,61.3476
29.0,6.0,1.9715,2.0,26.81525
29.0,7.0,6.6948,24.0,92.77980000000001
29.0,8.0,1.8139,6.0,25.087650000000004
29.0,9.0,6.5572,-29.0,85.62219999999999
29.0,10.0,7.813,-29.0,102.57549999999999
29.0,11.0,9.1622,-14.0,122.2897
29.0,12.0,8.3717,-17.0,111.31795000000001
29.0,13.0,8.9125,-14.0,118.91874999999999
29.0,14.0,10.661299999999999,-22.0,141.72755
29.0,15.0,5.8437,-6.0,78.28995
29.0,16.0,5.1433,-5.0,68.93455
29.0,17.0,6.010800000000001,-28.0,78.34580000000001
29.0,18.0,4.704,-28.0,60.704
29.0,19.0,5.94,-12.0,78.99000000000001
29.0,20.0,4.9453000000000005,19.0,68.66155
29.0,21.0,6.5383000000000004,-29.0,85.36705
29.0,22.0,8.8015,-31.0,115.72025000000002
29.0,23.0,9.355799999999999,8.0,127.10329999999998
29.0,24.0,2.4046999999999996,7.0,33.16345
29.0,25.0,3.8513,11.0,53.09255
29.0,26.0,3.1888,18.0,44.8488
29.0,27.0,4.5024,-10.0,59.782399999999996
29.0,28.0,4.2768999999999995,-14.0,56.33814999999999
29.0,30.0,3.5147,-30.0,44.44845
29.0,31.0,2.7963,-13.0,36.450050000000005
29.0,32.0,1.5985,14.0,22.97975
29.0,33.0,6.7545,15.0,92.68575
29.0,34.0,3.7098,-27.0,47.382299999999994
29.0,35.0,4.2595,-12.0,56.30325
29.0,36.0,4.026,-15.0,52.851
29.0,37.0,6.4168,-12.0,85.4268
29.0,38.0,8.0269,0.0,108.36314999999999
29.0,39.0,7.5391,-14.0,100.37785
30.0,0.0,4.1425,26.0,58.52375
30.0,1.0,5.8908000000000005,-8.0,78.7258
30.0,2.0,2.937,-4.0,39.2495
30.0,3.0,7.2721,27.0,100.87335
30.0,4.0,6.3051,44.0,89.51885000000001
30.0,5.0,2.5776999999999997,12.0,35.99895
30.0,6.0,4.8136,32.0,68.1836
30.0,7.0,3.5171,54.0,52.88085
30.0,8.0,5.5248,36.0,78.1848
30.0,9.0,7.158399999999999,1.0,96.73839999999998
30.0,10.0,8.748700000000001,1.0,118.20745000000001
30.0,11.0,5.762899999999999,16.0,79.39914999999998
30.0,12.0,5.7428,13.0,78.8278
30.0,13.0,6.7461,16.0,92.67235
30.0,14.0,7.2619,8.0,98.83565
30.0,15.0,9.277299999999999,24.0,127.64354999999999
30.0,16.0,8.552299999999999,25.0,117.95604999999999
30.0,17.0,2.7795,2.0,37.72325000000001
30.0,18.0,1.4727000000000001,2.0,20.08145
30.0,19.0,8.2595,18.0,113.30324999999999
30.0,20.0,7.414899999999999,49.0,105.00115
30.0,21.0,6.5847,1.0,88.99345
30.0,22.0,9.9396,-1.0,134.08460000000002
30.0,23.0,10.8178,38.0,149.8403
30.0,24.0,5.5131000000000006,37.0,78.12685
30.0,25.0,6.8703,41.0,96.84905
30.0,26.0,5.658399999999999,48.0,81.18839999999999
30.0,27.0,4.1751000000000005,20.0,58.363850000000006
30.0,28.0,6.8413,16.0,93.95755
30.0,29.0,4.230600000000001,30.0,60.11310000000001
30.0,31.0,1.6805,17.0,24.38675
30.0,32.0,5.278899999999999,44.0,75.66515
30.0,33.0,3.5231999999999997,45.0,52.063199999999995
30.0,34.0,2.0045,3.0,27.360750000000003
30.0,35.0,3.2645,18.0,45.870749999999994
30.0,36.0,3.1518,15.0,44.0493
30.0,37.0,4.8917,18.0,67.83794999999999
30.0,38.0,8.344700000000001,30.0,115.65345000000002
30.0,39.0,6.3304,16.0,87.0604
31.0,0.0,2.462,9.0,34.137
31.0,1.0,5.0921,-25.0,66.24335
31.0,2.0,4.4573,-21.0,58.07355
31.0,3.0,5.591600000000001,10.0,76.48660000000001
31.0,4.0,4.6247,27.0,65.13345
31.0,5.0,2.6703,-5.0,35.54905
31.0,6.0,3.0871,15.0,43.17585
31.0,7.0,4.6875,37.0,66.98125
31.0,8.0,3.8443,19.0,53.798049999999996
31.0,9.0,6.3597,-16.0,84.25595000000001
31.0,10.0,7.9501,-16.0,105.72635000000001
31.0,11.0,7.2832,-1.0,98.2232
31.0,12.0,7.2631000000000006,-4.0,97.65185
31.0,13.0,8.266399999999999,-1.0,111.4964
31.0,14.0,8.782200000000001,-9.0,117.65970000000002
31.0,15.0,8.2171,7.0,111.63085000000001
31.0,16.0,7.4921999999999995,8.0,101.9447
31.0,17.0,4.0035,-15.0,52.54725
31.0,18.0,2.6967,-15.0,34.90545
31.0,19.0,7.3495,1.0,99.31824999999999
31.0,20.0,6.3547,32.0,88.98845
31.0,21.0,5.7861,-16.0,76.51235000000001
31.0,22.0,9.141,-18.0,121.6035
31.0,23.0,10.019200000000001,21.0,137.35920000000002
31.0,24.0,3.8326,20.0,53.7401
31.0,25.0,5.8101,24.0,80.83635000000001
31.0,26.0,4.598199999999999,31.0,65.17569999999999
31.0,27.0,3.4114,3.0,46.353899999999996
31.0,28.0,5.7811,-1.0,77.94485000000002
31.0,29.0,2.5502,13.0,35.72769999999999
31.0,30.0,1.6921,-17.0,21.14335
31.0,32.0,3.5984000000000003,27.0,51.278400000000005
31.0,33.0,4.747199999999999,28.0,66.88719999999999
31.0,34.0,3.176,-14.0,41.476000000000006
31.0,35.0,3.7257,1.0,50.39695
31.0,36.0,2.6087,-2.0,35.01745
31.0,37.0,5.882899999999999,1.0,79.51914999999998
31.0,38.0,7.5826,13.0,103.6651
31.0,39.0,5.5318000000000005,-1.0,74.57930000000002
32.0,0.0,3.1344000000000003,-18.0,40.51440000000001
32.0,1.0,4.0853,-52.0,49.95155
32.0,2.0,6.826899999999999,-48.0,87.36314999999999
32.0,3.0,3.0913000000000004,-17.0,40.03255
32.0,4.0,2.0191,0.0,27.257849999999998
32.0,5.0,4.396,-32.0,56.145999999999994
32.0,6.0,1.9247999999999998,-12.0,24.784799999999997
32.0,7.0,6.461600000000001,10.0,88.23160000000001
32.0,8.0,3.1847,-8.0,42.19345
32.0,9.0,5.5688,-43.0,70.87880000000001
32.0,10.0,6.2125,-43.0,79.56875000000001
32.0,11.0,9.6528,-28.0,127.51279999999998
32.0,12.0,9.6328,-31.0,126.9428
32.0,13.0,10.6361,-28.0,140.78735
32.0,14.0,11.1519,-36.0,146.95065
32.0,15.0,5.2863999999999995,-20.0,69.3664
32.0,16.0,4.3011,-19.0,56.16485
32.0,17.0,6.3731,-42.0,81.83685
32.0,18.0,5.0663,-42.0,64.19505
32.0,19.0,4.339600000000001,-26.0,55.98460000000001
32.0,20.0,3.3449,5.0,45.65615
32.0,21.0,5.5499,-43.0,70.62365
32.0,22.0,7.2011,-45.0,92.71485
32.0,23.0,7.7553,-6.0,104.09655000000001
32.0,24.0,4.1998,-7.0,55.997299999999996
32.0,25.0,2.6976999999999998,-3.0,36.11895
32.0,26.0,1.5884,4.0,21.8434
32.0,27.0,3.514,-24.0,45.039
32.0,28.0,3.2885,-28.0,41.594750000000005
32.0,29.0,1.9890999999999999,-14.0,25.452849999999998
32.0,30.0,4.0618,-44.0,50.4343
32.0,31.0,3.1586,-27.0,39.94109999999999
32.0,33.0,7.1168000000000005,1.0,96.1768
32.0,34.0,5.3023,-41.0,67.48105
32.0,35.0,5.852,-26.0,76.40200000000002
32.0,36.0,3.0376,-29.0,38.1076
32.0,37.0,8.0093,-26.0,105.52555
32.0,38.0,7.0385,-14.0,93.61975
32.0,39.0,5.9141,-28.0,77.04035
33.0,0.0,6.7364,-19.0,89.0414
33.0,1.0,6.2333,-53.0,78.84955000000001
33.0,2.0,3.9149000000000003,-49.0,47.951150000000005
33.0,3.0,9.6447,-18.0,128.40345
33.0,4.0,8.8962,-1.0,119.99870000000001
33.0,5.0,3.884,-33.0,49.134
33.0,6.0,6.8915,-13.0,91.73525
33.0,7.0,1.8693,9.0,26.13555
33.0,8.0,8.1187,-9.0,108.70245
33.0,9.0,7.051,-44.0,90.7885
33.0,10.0,9.0912,-44.0,118.3312
33.0,11.0,6.4961,-29.0,84.79735
33.0,12.0,6.476100000000001,-32.0,84.22735
33.0,13.0,7.4794,-29.0,98.0719
33.0,14.0,7.9952,-37.0,104.23519999999999
33.0,15.0,11.3551,-21.0,151.19385
33.0,16.0,10.6302,-20.0,141.5077
33.0,17.0,2.8504,-43.0,34.180400000000006
33.0,18.0,2.4059,-43.0,28.17965
33.0,19.0,8.602,-27.0,113.427
33.0,20.0,9.492700000000001,4.0,128.55145000000002
33.0,21.0,6.4431,-44.0,82.58185
33.0,22.0,8.9542,-46.0,116.2817
33.0,23.0,10.448799999999999,-7.0,140.3588
33.0,24.0,8.107,-8.0,108.6445
33.0,25.0,8.9481,-4.0,120.39935
33.0,26.0,7.7362,3.0,104.7387
33.0,27.0,5.1864,-25.0,67.5164
33.0,28.0,7.5368,-29.0,98.8468
33.0,29.0,6.8246,-15.0,90.63210000000001
33.0,30.0,3.8573000000000004,-45.0,47.573550000000004
33.0,31.0,4.2744,-28.0,54.9044
33.0,32.0,7.6081,-1.0,102.60935
33.0,34.0,5.2364,-42.0,66.4914
33.0,35.0,5.7362,-27.0,74.7387
33.0,36.0,4.4582,-30.0,57.1857
33.0,37.0,5.624899999999999,-27.0,73.23615
33.0,38.0,5.4112,-15.0,71.5512
33.0,39.0,4.4769,-29.0,57.538149999999995
34.0,0.0,3.1210999999999998,23.0,44.43485
34.0,1.0,7.3052,-11.0,97.5202
34.0,2.0,2.2498,-7.0,29.6723
34.0,3.0,7.3662,24.0,101.84370000000001
34.0,4.0,6.3991999999999996,41.0,90.48919999999998
34.0,5.0,4.1388,9.0,56.773799999999994
34.0,6.0,5.0235,29.0,70.71725
34.0,7.0,5.0783000000000005,51.0,73.65705
34.0,8.0,4.5034,33.0,64.0959
34.0,9.0,8.572799999999999,-2.0,115.53279999999998
34.0,10.0,10.163200000000002,-2.0,137.00320000000002
34.0,11.0,5.693899999999999,13.0,78.16765
34.0,12.0,5.6739,10.0,77.59765
34.0,13.0,6.2749,13.0,86.01114999999999
34.0,14.0,7.193,5.0,97.60549999999999
34.0,15.0,9.6328,21.0,132.1428
34.0,16.0,8.9324,22.0,122.78739999999999
34.0,17.0,3.1620999999999997,-1.0,42.58834999999999
34.0,18.0,3.0338000000000003,-1.0,40.856300000000005
34.0,19.0,9.344700000000001,15.0,127.65345000000002
34.0,20.0,8.35,46.0,117.32499999999999
34.0,21.0,7.9992,-2.0,107.7892
34.0,22.0,11.3541,-4.0,152.88035
34.0,23.0,12.232299999999999,35.0,168.63604999999998
34.0,24.0,4.2643,34.0,60.968050000000005
34.0,25.0,7.6404,38.0,106.94539999999999
34.0,26.0,6.5935,45.0,93.51225
34.0,27.0,5.589600000000001,17.0,77.15960000000001
34.0,28.0,7.6755,13.0,104.91925
34.0,29.0,4.3247,27.0,61.08345
34.0,30.0,1.9712,-3.0,26.3112
34.0,31.0,2.6749,14.0,37.51115
34.0,32.0,5.389600000000001,41.0,76.8596
34.0,33.0,5.0844,42.0,72.8394
34.0,35.0,1.6218,15.0,23.394299999999998
34.0,36.0,4.8218000000000005,12.0,66.2943
34.0,37.0,3.7791,15.0,52.51785
34.0,38.0,9.7957,27.0,134.94195
34.0,39.0,7.7448999999999995,13.0,105.85614999999999
35.0,0.0,3.2451,8.0,44.60885
35.0,1.0,7.9783,-26.0,105.10705
35.0,2.0,2.4162,-22.0,30.418699999999998
35.0,3.0,7.4901,9.0,102.01635
35.0,4.0,6.5232,26.0,90.66319999999999
35.0,5.0,5.5564,-6.0,74.4114
35.0,6.0,5.1475,14.0,70.89125
35.0,7.0,6.487100000000001,36.0,91.17585000000001
35.0,8.0,4.6274,18.0,64.26989999999999
35.0,9.0,9.245899999999999,-17.0,123.11964999999998
35.0,10.0,10.836200000000002,-17.0,144.58870000000005
35.0,11.0,5.5326,-2.0,74.4901
35.0,12.0,4.8528,-5.0,65.0128
35.0,13.0,5.3936,-2.0,72.6136
35.0,14.0,6.9514,-10.0,92.84389999999999
35.0,15.0,9.7567,6.0,132.31545
35.0,16.0,9.056299999999998,7.0,122.96004999999998
35.0,17.0,4.0177,-16.0,52.638949999999994
35.0,18.0,4.4426000000000005,-16.0,58.3751
35.0,19.0,9.4687,0.0,127.82745
35.0,20.0,8.4739,31.0,117.49765
35.0,21.0,8.6722,-17.0,115.3747
35.0,22.0,12.0272,-19.0,160.4672
35.0,23.0,12.905299999999999,20.0,176.22154999999998
35.0,24.0,4.3883,19.0,61.14205
35.0,25.0,7.7643,23.0,107.11805
35.0,26.0,6.7175,30.0,93.68625
35.0,27.0,6.2975,2.0,85.21625
35.0,28.0,7.7995,-2.0,105.09325
35.0,29.0,4.4487,12.0,61.25745
35.0,30.0,3.38,-18.0,43.83
35.0,31.0,3.2626999999999997,-1.0,43.94644999999999
35.0,32.0,5.5135,26.0,77.03224999999999
35.0,33.0,6.132,27.0,85.482
35.0,34.0,1.6502999999999999,-15.0,20.779049999999998
35.0,36.0,5.4948999999999995,-3.0,73.88114999999999
35.0,37.0,2.8978,0.0,39.1203
35.0,38.0,10.4687,12.0,142.52745
35.0,39.0,8.4179,-2.0,113.44165
36.0,0.0,4.0746,11.0,56.1071
36.0,1.0,4.2657,-23.0,55.28695
36.0,2.0,5.6501,-19.0,74.37635
36.0,3.0,5.0126,12.0,68.87010000000001
36.0,4.0,4.2641,29.0,60.46535
36.0,5.0,1.8439,-3.0,24.59265
36.0,6.0,2.2594000000000003,17.0,32.2019
36.0,7.0,3.9094,39.0,56.6769
36.0,8.0,4.850899999999999,21.0,67.58714999999998
36.0,9.0,5.5333000000000006,-14.0,73.29955
36.0,10.0,7.1236999999999995,-14.0,94.76995
36.0,11.0,8.476,1.0,114.52600000000001
36.0,12.0,8.456,-2.0,113.95599999999999
36.0,13.0,9.459299999999999,1.0,127.80054999999999
36.0,14.0,9.975100000000001,-7.0,133.96385000000004
36.0,15.0,6.7231000000000005,9.0,91.66185000000002
36.0,16.0,5.9981,10.0,81.97435
36.0,17.0,4.6213999999999995,-13.0,61.088899999999995
36.0,18.0,3.4398,-13.0,45.1373
36.0,19.0,5.8553999999999995,3.0,79.3479
36.0,20.0,4.860600000000001,34.0,69.01810000000002
36.0,21.0,4.9597,-14.0,65.55595
36.0,22.0,8.3146,-16.0,110.64710000000001
36.0,23.0,9.1928,23.0,126.4028
36.0,24.0,5.4452,22.0,75.7102
36.0,25.0,4.316,26.0,60.866
36.0,26.0,3.1041999999999996,33.0,45.20669999999999
36.0,27.0,1.9173,5.0,26.38355
36.0,28.0,4.287,1.0,57.9745
36.0,29.0,3.5464,15.0,49.376400000000004
36.0,30.0,2.885,-15.0,37.4475
36.0,31.0,1.9818,2.0,26.9543
36.0,32.0,2.976,29.0,43.076
36.0,33.0,5.0522,30.0,71.2047
36.0,34.0,4.6608,-12.0,61.7208
36.0,35.0,5.3383,3.0,72.36705
36.0,37.0,7.6048,3.0,102.9648
36.0,38.0,6.7562,15.0,92.7087
36.0,39.0,4.7054,1.0,63.6229
37.0,0.0,5.5133,8.0,75.22955
37.0,1.0,9.9776,-26.0,132.09760000000003
37.0,2.0,2.2207,-22.0,27.77945
37.0,3.0,9.552299999999999,9.0,129.85604999999998
37.0,4.0,8.5854,26.0,118.5029
37.0,5.0,6.918399999999999,-6.0,92.7984
37.0,6.0,7.2097,14.0,98.73095
37.0,7.0,6.3925,36.0,89.89874999999999
37.0,8.0,6.8956,18.0,94.89059999999999
37.0,9.0,11.2452,-17.0,150.11020000000002
37.0,10.0,12.8355,-17.0,171.57925
37.0,11.0,3.1175,-2.0,41.88625
37.0,12.0,2.4377,-5.0,32.40895
37.0,13.0,2.9785,-2.0,40.00975
37.0,14.0,4.5363,-10.0,60.24005
37.0,15.0,11.8189,6.0,160.15515
37.0,16.0,11.1186,7.0,150.8011
37.0,17.0,3.8221999999999996,-16.0,49.99969999999999
37.0,18.0,5.1049,-16.0,67.31615000000001
37.0,19.0,12.3463,0.0,166.67505
37.0,20.0,10.536200000000001,31.0,145.33870000000002
37.0,21.0,10.6715,-17.0,142.36525
37.0,22.0,14.0265,-19.0,187.45775
37.0,23.0,14.9046,20.0,203.2121
37.0,24.0,6.5625,19.0,90.49375
37.0,25.0,9.8265,23.0,134.95775
37.0,26.0,8.7797,30.0,121.52595
37.0,27.0,8.262,2.0,111.73700000000001
37.0,28.0,9.8617,-2.0,132.93295000000003
37.0,29.0,6.5108999999999995,12.0,89.09715
37.0,30.0,4.5756000000000006,-18.0,59.97060000000001
37.0,31.0,5.347300000000001,-1.0,72.08855000000001
37.0,32.0,7.575699999999999,26.0,104.87194999999998
37.0,33.0,5.9365,27.0,82.84275
37.0,34.0,3.6525,-15.0,47.808749999999996
37.0,35.0,2.082,0.0,28.107
37.0,36.0,7.4942,-3.0,100.8717
37.0,38.0,10.7579,12.0,146.43165
37.0,39.0,9.8236,-2.0,132.41860000000003
38.0,0.0,8.476299999999998,-4.0,114.03004999999997
38.0,1.0,2.971,-38.0,36.3085
38.0,2.0,8.634,-34.0,113.15899999999999
38.0,3.0,7.9293000000000005,-3.0,106.74555000000001
38.0,4.0,7.4878,14.0,102.48530000000001
38.0,5.0,4.7283,-18.0,62.032050000000005
38.0,6.0,6.8166,2.0,92.2241
38.0,7.0,5.6287,24.0,78.38745000000002
38.0,8.0,8.4734,6.0,114.9909
38.0,9.0,2.1561999999999997,-29.0,26.208699999999993
38.0,10.0,4.8572,-29.0,62.6722
38.0,11.0,11.2153,-14.0,150.00654999999998
38.0,12.0,11.195200000000002,-17.0,149.43520000000004
38.0,13.0,12.1985,-14.0,163.27974999999998
38.0,14.0,12.7143,-22.0,169.44305
38.0,15.0,8.434899999999999,-6.0,113.27114999999999
38.0,16.0,7.709899999999999,-5.0,103.58364999999999
38.0,17.0,7.471100000000001,-28.0,98.05985000000001
38.0,18.0,6.346,-28.0,82.87100000000001
38.0,19.0,4.8645,-12.0,64.47075
38.0,20.0,6.0758,19.0,83.92330000000001
38.0,21.0,1.7842,-29.0,21.186700000000002
38.0,22.0,4.0594,-31.0,51.7019
38.0,23.0,5.554,8.0,75.779
38.0,24.0,9.3318,7.0,126.6793
38.0,25.0,6.9198,11.0,94.5173
38.0,26.0,5.9329,18.0,81.89415
38.0,27.0,3.6183,-10.0,47.84705
38.0,28.0,4.3144,-14.0,56.8444
38.0,29.0,7.169,0.0,96.7815
38.0,30.0,6.4512,-30.0,84.0912
38.0,31.0,6.3835,-13.0,84.87725
38.0,32.0,6.0443999999999996,14.0,82.9994
38.0,33.0,5.2077,15.0,71.80395
38.0,34.0,8.226899999999999,-27.0,108.36314999999998
38.0,35.0,9.640799999999999,-12.0,128.9508
38.0,36.0,4.5221,-15.0,59.54835
38.0,37.0,10.344100000000001,-12.0,138.44535000000002
38.0,39.0,3.8912,-14.0,51.1312
39.0,0.0,6.8584,10.0,93.5884
39.0,1.0,3.0699,-24.0,39.04365
39.0,2.0,7.3239,-20.0,96.87265000000001
39.0,3.0,7.988300000000001,11.0,108.94205000000001
39.0,4.0,6.4943,28.0,90.47305
39.0,5.0,3.1104000000000003,-4.0,41.5904
39.0,6.0,4.9706,16.0,68.70309999999999
39.0,7.0,3.2901,38.0,48.21634999999999
39.0,8.0,8.2407,20.0,113.24945000000001
39.0,9.0,4.2314,-15.0,55.6239
39.0,10.0,5.9278,-15.0,78.5253
39.0,11.0,9.905100000000001,0.0,133.71885
39.0,12.0,9.8851,-3.0,133.14884999999998
39.0,13.0,10.8883,0.0,146.99204999999998
39.0,14.0,11.4041,-8.0,153.15535
39.0,15.0,9.008899999999999,8.0,122.42014999999998
39.0,16.0,8.284,9.0,112.73400000000001
39.0,17.0,5.8532,-14.0,77.6182
39.0,18.0,4.7282,-14.0,62.4307
39.0,19.0,5.4386,2.0,73.6211
39.0,20.0,6.6498,33.0,93.0723
39.0,21.0,3.3008,-15.0,43.0608
39.0,22.0,6.336600000000001,-17.0,83.84410000000001
39.0,23.0,7.996899999999999,22.0,110.15814999999999
39.0,24.0,8.229,21.0,113.19149999999999
39.0,25.0,6.9787,25.0,96.71245
39.0,26.0,5.3348,32.0,75.2198
39.0,27.0,2.0229,4.0,27.709149999999998
39.0,28.0,4.373399999999999,0.0,59.04089999999999
39.0,29.0,6.4345,14.0,88.26575
39.0,30.0,4.8333,-16.0,63.64955
39.0,31.0,4.7656,1.0,64.4356
39.0,32.0,5.3099,28.0,74.48365
39.0,33.0,4.6671000000000005,29.0,65.90585000000002
39.0,34.0,6.609100000000001,-13.0,87.92285000000001
39.0,35.0,8.0229,2.0,108.50915
39.0,36.0,3.387,-1.0,45.6245
39.0,37.0,9.0339,2.0,122.15764999999999
39.0,38.0,3.3988,14.0,47.2838
